,blockNumber,timeStamp,hash,nonce,blockHash,from,contractAddress,to,value,tokenName,tokenSymbol,tokenDecimal,transactionIndex,gas,gasPrice,gasUsed,cumulativeGasUsed,input,confirmations
0,760646,1600953718,0xffd5c3a348ba1aee6472567d524ce82b432338c45f297c6e002bf41af2a6a581,60,0x39a241783ea0a24cc8fced5e7bf3a7004530ab1e48c072ef63384a209418ce31,0xb9fa21a62fc96cb2ac635a051061e2e50d964051,0x0e09fabb73bd3ade0a17ecc321fd13a19e81ce82,0x000000000000000000000000000000000000dead,227027000000000000000000,PancakeSwap Token,Cake,18,0,76384,77000000000,50923,50923,deprecated,7638748
1,789162,1601039266,0x025b3c05a7948a331dd14b6a168ce0675a429126e38971c02feaaee56a456f50,62,0x66d9db8a1c8310169ef92930e1a55476d6017bdba670aba5140ad59fb3c10fa0,0xb9fa21a62fc96cb2ac635a051061e2e50d964051,0x0e09fabb73bd3ade0a17ecc321fd13a19e81ce82,0x000000000000000000000000000000000000dead,114121000000000000000000,PancakeSwap Token,Cake,18,0,53884,92000000000,35923,35923,deprecated,7610232
2,817723,1601124949,0x633a49440e2f0682a41ea4b741ce05f8a8d15c88c77d01a1cb02223d766b9f4e,66,0xf8b89f1a9e8ea0e825d9154023d5174dcb5d9430fdb31c60e7fa1ee4d0aa91a7,0xb9fa21a62fc96cb2ac635a051061e2e50d964051,0x0e09fabb73bd3ade0a17ecc321fd13a19e81ce82,0x000000000000000000000000000000000000dead,114130000000000000000000,PancakeSwap Token,Cake,18,0,53884,60000000000,35923,35923,deprecated,7581671
3,846381,1601210923,0xfe1fa80eb3aba16a28bf8ef268399e6ca5e0b027fcccdec36c7d59e53b155201,71,0x5ba3208eb6edf7f8f6eac78b61f0994d95ac1488934ba871ad9c8feed576e852,0xb9fa21a62fc96cb2ac635a051061e2e50d964051,0x0e09fabb73bd3ade0a17ecc321fd13a19e81ce82,0x000000000000000000000000000000000000dead,114770000000000000000000,PancakeSwap Token,Cake,18,0,53884,50000000000,35923,35923,deprecated,7553013
4,874994,1601296762,0xe88d402f5f1a3d2d49ef487c7def0f922fb009e35282b5a313dc90d247d74e08,94,0xf222e554bca1a7fefe70732645c6c984d080c7992326546d4a634379c91e6295,0xb9fa21a62fc96cb2ac635a051061e2e50d964051,0x0e09fabb73bd3ade0a17ecc321fd13a19e81ce82,0x000000000000000000000000000000000000dead,114472000000000000000000,PancakeSwap Token,Cake,18,0,53884,130000000000,35923,35923,deprecated,7524400
5,904218,1601384434,0x822e3aa7852f395a78a5b71d78c89eb24314a25e05fafa3b1ff13a4e3a5dabfc,113,0x25f4a772923a41433dccc46945b9ee061caf3f023d04e1f733c003cefc97b86c,0xb9fa21a62fc96cb2ac635a051061e2e50d964051,0x0e09fabb73bd3ade0a17ecc321fd13a19e81ce82,0x000000000000000000000000000000000000dead,116330000000000000000000,PancakeSwap Token,Cake,18,0,53884,118000000000,35923,35923,deprecated,7495176
6,933343,1601471809,0x01ea6a46ea87bd160afa8a019e2f177396d023e56dcbf8c81c96b8693188902c,123,0x53fa06c162bc8a6b5b7f2e9e23a8b260b133234da5dec1184fd6a9042b785822,0xb9fa21a62fc96cb2ac635a051061e2e50d964051,0x0e09fabb73bd3ade0a17ecc321fd13a19e81ce82,0x000000000000000000000000000000000000dead,116849000000000000000000,PancakeSwap Token,Cake,18,0,53884,90000000000,35923,35923,deprecated,7466051
7,961606,1601556598,0xf7addbbe0e7181d03b48b77521ce5601ed1a458122affdb9b00df6686767071c,147,0x988312f56d86e054c48b721e1553bee3d8364cf902e2f962bc0630f650679df6,0xb9fa21a62fc96cb2ac635a051061e2e50d964051,0x0e09fabb73bd3ade0a17ecc321fd13a19e81ce82,0x000000000000000000000000000000000000dead,112972000000000000000000,PancakeSwap Token,Cake,18,0,53884,61000000000,35923,35923,deprecated,7437788
8,991337,1601645791,0xb4fba904250ed07b09ff7afcaec54a205974723d35066cea9b5c2040f82e74e2,152,0xdc4d45cf299b163064772a0526e71a80b22db07da86931a1b33bbcb2a05c95b0,0xb9fa21a62fc96cb2ac635a051061e2e50d964051,0x0e09fabb73bd3ade0a17ecc321fd13a19e81ce82,0x000000000000000000000000000000000000dead,119083000000000000000000,PancakeSwap Token,Cake,18,0,53884,48000000000,35923,35923,deprecated,7408057
9,1019070,1601728990,0x5ea59d6f14d80ff682b86a3bb2190e988b4425a8476aafb41f43f11b0b64ac5c,176,0xbadef0715cf08fa295998129b5295fa20dd46955d14b4a767bf22dd229a3e2c4,0xb9fa21a62fc96cb2ac635a051061e2e50d964051,0x0e09fabb73bd3ade0a17ecc321fd13a19e81ce82,0x000000000000000000000000000000000000dead,110982000000000000000000,PancakeSwap Token,Cake,18,0,53884,53000000000,35923,35923,deprecated,7380324
10,1048219,1601816437,0x929af58d0762d5ab1df97bfddf9cbe5a086fd72791362becf1b2de50abe32106,199,0x8cfd4a6c5f4ea4fadc5caf67c1dfcf452f818994e29e76679e7504a3c167be40,0xb9fa21a62fc96cb2ac635a051061e2e50d964051,0x0e09fabb73bd3ade0a17ecc321fd13a19e81ce82,0x000000000000000000000000000000000000dead,116558000000000000000000,PancakeSwap Token,Cake,18,0,53884,59000000000,35923,35923,deprecated,7351175
11,1134285,1602074635,0xb6ed3c073f6905b04c659891496b54fdf4ad670fd8044574d8035a2003e023ce,243,0xdabef5b1a1bedcfefda9f05aa8785f8163140ab193b6b278748d7222100d4a45,0xb9fa21a62fc96cb2ac635a051061e2e50d964051,0x0e09fabb73bd3ade0a17ecc321fd13a19e81ce82,0x000000000000000000000000000000000000dead,113558000000000000000000,PancakeSwap Token,Cake,18,1,53884,40000000000,35923,56923,deprecated,7265109
12,1163183,1602161329,0x982f7a60b667c4b5011dec1967e4f36cfc1c6be1fd385ddcdbc63e8430f47ec1,255,0x6d01ed2e8072da006e819041640b9f737140bf6fd67320a8dd3fbda4c314a514,0xb9fa21a62fc96cb2ac635a051061e2e50d964051,0x0e09fabb73bd3ade0a17ecc321fd13a19e81ce82,0x000000000000000000000000000000000000dead,115790000000000000000000,PancakeSwap Token,Cake,18,0,53884,50000000000,35923,35923,deprecated,7236211
13,1191676,1602246808,0x7801f6aa7aaf233a27da269cfaec6b2c361f7de286046a75b1e17d1b61652da0,266,0x52c1a6fbd8e4ca823c957b173e58aa46c37f96143b3de77cf32ce93038d6e92d,0xb9fa21a62fc96cb2ac635a051061e2e50d964051,0x0e09fabb73bd3ade0a17ecc321fd13a19e81ce82,0x000000000000000000000000000000000000dead,113956000000000000000000,PancakeSwap Token,Cake,18,0,53884,84000000000,35923,35923,deprecated,7207718
14,1223265,1602341577,0xc52182bfdb88fcab8c76e279e634a19f38b8a49ed4a5ed5362b7998547eccab3,283,0x6198e631d7543b2012afafe7df010adc8c70cbb32b0e2c6ef5cbf5d9496742fe,0xb9fa21a62fc96cb2ac635a051061e2e50d964051,0x0e09fabb73bd3ade0a17ecc321fd13a19e81ce82,0x000000000000000000000000000000000000dead,126334000000000000000000,PancakeSwap Token,Cake,18,0,53884,49000000000,35923,35923,deprecated,7176129
15,1250067,1602421983,0x0b93f027340c4b85d61df585251fd1f74325c2a95d7a7bdbec9f81e216c497e9,284,0x8c23e45576ced6a55c3363f51cc3a1747b3ffac40b3df2d0dd17d0606368179f,0xb9fa21a62fc96cb2ac635a051061e2e50d964051,0x0e09fabb73bd3ade0a17ecc321fd13a19e81ce82,0x000000000000000000000000000000000000dead,107209000000000000000000,PancakeSwap Token,Cake,18,0,53884,34000000000,35923,35923,deprecated,7149327
16,1278986,1602508740,0xf6fb4a2c0fb16bf9cb747e4aaa83863c02cdda0b7d13cc82559343b65ebe71cd,296,0x2f7524f1d70a88201541e5c3e355dba9a9b7b4e69018ffbf607398c8180ff031,0xb9fa21a62fc96cb2ac635a051061e2e50d964051,0x0e09fabb73bd3ade0a17ecc321fd13a19e81ce82,0x000000000000000000000000000000000000dead,115669000000000000000000,PancakeSwap Token,Cake,18,0,53884,53000000000,35923,35923,deprecated,7120408
17,1306713,1602591921,0x2acfcc2579a89bb1738503e9fda12b8f1127ae6885b1d7bcc419b7fc570617bf,310,0x2e341792ac0066e7e98896e7355b090cbde88b830453f96424966b6348eaca39,0xb9fa21a62fc96cb2ac635a051061e2e50d964051,0x0e09fabb73bd3ade0a17ecc321fd13a19e81ce82,0x000000000000000000000000000000000000dead,110856000000000000000000,PancakeSwap Token,Cake,18,1,53884,53000000000,35923,72038,deprecated,7092681
18,1336838,1602682296,0xd0c6da954d22d58e764a5e13cb26d38328f0c5b6c2586dcdefd750d911ebce30,325,0xe1ecd7e150834088af388b2eb0e806733bd6ab9269500108d7dad6b807b9893a,0xb9fa21a62fc96cb2ac635a051061e2e50d964051,0x0e09fabb73bd3ade0a17ecc321fd13a19e81ce82,0x000000000000000000000000000000000000dead,120275000000000000000000,PancakeSwap Token,Cake,18,1,53884,50000000000,35923,72062,deprecated,7062556
19,1365610,1602768612,0x431fe97fd439a70f1470fde1d31611e18a195a2b029c918ab7d70b05b56f32c8,330,0x7e81a32a9910b68394c31d7b76ffb038ab45e7a970f896781debff783ac92477,0xb9fa21a62fc96cb2ac635a051061e2e50d964051,0x0e09fabb73bd3ade0a17ecc321fd13a19e81ce82,0x000000000000000000000000000000000000dead,115303000000000000000000,PancakeSwap Token,Cake,18,4,53884,53000000000,35923,121127,deprecated,7033784
20,1395756,1602859050,0xe790494d9d6bbccf77819a08dfbcca77165bc22a7f473b9036ccde1337e5f327,340,0x6693a34df0a677b54525ec5f88c6477d11bcdf9ba84399e1f415c70f3f4e607f,0xb9fa21a62fc96cb2ac635a051061e2e50d964051,0x0e09fabb73bd3ade0a17ecc321fd13a19e81ce82,0x000000000000000000000000000000000000dead,115000000000000000000000,PancakeSwap Token,Cake,18,0,100000,371314285714,35923,35923,deprecated,7003638
21,1397646,1602864720,0x8fc43170f5a7c6dd5e38c33def4868b3517bf5f2944d3c14262c3cb434174b5e,344,0x0f09790285e265251ff971aa873fed3017f952b30a374bf13d59cc5d14994a72,0xb9fa21a62fc96cb2ac635a051061e2e50d964051,0x0e09fabb73bd3ade0a17ecc321fd13a19e81ce82,0x000000000000000000000000000000000000dead,75437820484961964956163,PancakeSwap Token,Cake,18,0,53920,53000000000,20947,20947,deprecated,7001748
22,1424991,1602946755,0x7362c30ae8910c6e592ae49553889d5a808f753de6c6d7b5c401118f696ec9c9,0,0x15952a19d79689a32f4ffe4476fae4f25551909dbaccf028d7ab9cf4037c5507,0xd4cfec77cdc21573982ec85cf33cfde6cc677e74,0x0e09fabb73bd3ade0a17ecc321fd13a19e81ce82,0x000000000000000000000000000000000000dead,1000000000000000000,PancakeSwap Token,Cake,18,2,53848,29000000000,35899,1068007,deprecated,6974403
23,1425035,1602946887,0xdc98daac1b1d491a825a241cb8a87a1872718ce6e2ddceb854c60d6d5bd639e6,1,0xe4c1253824c4417c28072ad961416250221f3c27892c6f13c5fe632c847a224f,0xd4cfec77cdc21573982ec85cf33cfde6cc677e74,0x0e09fabb73bd3ade0a17ecc321fd13a19e81ce82,0x000000000000000000000000000000000000dead,111127635009434797757448,PancakeSwap Token,Cake,18,0,53902,29000000000,35935,35935,deprecated,6974359
24,1452058,1603027956,0x8f7f635baca6033e4ca36e9b7eeee9b359c3b9af5ef8db129400d805c379826f,3,0xed9cd845944fe43fdb03a6921360c57764e3d54ba072c0eadfd2473214c44d5e,0xd4cfec77cdc21573982ec85cf33cfde6cc677e74,0x0e09fabb73bd3ade0a17ecc321fd13a19e81ce82,0x000000000000000000000000000000000000dead,108097648742210939294021,PancakeSwap Token,Cake,18,0,53920,25000000000,35947,35947,deprecated,6947336
25,1480148,1603112226,0xc0c0a61cf8ac31f04be2e33b97b605ca79d3e1fa0e5672ccf0ecc156cce9214f,4,0x6262e2e6db6db54d37c28084a255d91e3d30fa3e6f357773a9c123d3c85d3511,0xd4cfec77cdc21573982ec85cf33cfde6cc677e74,0x0e09fabb73bd3ade0a17ecc321fd13a19e81ce82,0x000000000000000000000000000000000000dead,112391386106623586420603,PancakeSwap Token,Cake,18,0,53920,45000000000,35947,35947,deprecated,6919246
26,1508440,1603197102,0x963aea32dcabfd93058454c3ea262380700ac9ec15a06373e70fd0a1fb94b45d,5,0x36ddb865c7b08b6c5d4e5deb9aa06f4b6d602ce2f8d430165d1885254920e1ce,0xd4cfec77cdc21573982ec85cf33cfde6cc677e74,0x0e09fabb73bd3ade0a17ecc321fd13a19e81ce82,0x000000000000000000000000000000000000dead,113083995436711914893818,PancakeSwap Token,Cake,18,0,53902,37000000000,35935,35935,deprecated,6890954
27,1537405,1603283998,0xe70f6fff013ab960e5b8e629c52113f19d503a9d2ab2c75112233d9b06ef105a,6,0xd7264ad667955aa90e63d17e7c9b29145862a152edc7de08b0f36b02d23e11e5,0xd4cfec77cdc21573982ec85cf33cfde6cc677e74,0x0e09fabb73bd3ade0a17ecc321fd13a19e81ce82,0x000000000000000000000000000000000000dead,115793927451216332746586,PancakeSwap Token,Cake,18,0,53920,39000000000,35947,35947,deprecated,6861989
28,1566560,1603371668,0xf23d8c6c738c61eadd3b50127d3495951f025255da812ecbfe3c7851c933aea6,7,0xf7e7b3ab5e7dbf41fc8cd013ee8733473ab1bcc57b82ecfe6a043df4bcbfaba6,0xd4cfec77cdc21573982ec85cf33cfde6cc677e74,0x0e09fabb73bd3ade0a17ecc321fd13a19e81ce82,0x000000000000000000000000000000000000dead,116553206341898541124829,PancakeSwap Token,Cake,18,1,53920,76000000000,35947,129751,deprecated,6832834
29,1594091,1603454261,0x63639fdcd74a319d396764daaf8b4eb51d72bb6d80391d41f6dcf63058bfaab8,8,0x5f6b572fe51a32721198e22a576d08155e093d10666b00148bc610d00c19427d,0xd4cfec77cdc21573982ec85cf33cfde6cc677e74,0x0e09fabb73bd3ade0a17ecc321fd13a19e81ce82,0x000000000000000000000000000000000000dead,109957959280850252785317,PancakeSwap Token,Cake,18,0,53920,35000000000,35947,35947,deprecated,6805303
30,1624505,1603545557,0xbbd06578e67558133c533d6100802490a20a0175285f9541d7d6912c32380cb4,9,0x3ad3302124c9f5562b916a77a02a9a834d4af9638ba9aa4dcb1ff80ae2e2f064,0xd4cfec77cdc21573982ec85cf33cfde6cc677e74,0x0e09fabb73bd3ade0a17ecc321fd13a19e81ce82,0x000000000000000000000000000000000000dead,121895166398799957129832,PancakeSwap Token,Cake,18,7,5392000,20000000000,35947,1081409,deprecated,6774889
31,1628256,1603556827,0x5929de8a26afb6721562fb7a8aa956c7af99c0262966e48811e962f7479f0219,63,0x1cca69dd7046090313ec259c0de5f3efcf4c5ed8e1a62ec0f6a107ef652b4af3,0x35f16a46d3cf19010d28578a8b02dfa3cb4095a1,0x0e09fabb73bd3ade0a17ecc321fd13a19e81ce82,0x000000000000000000000000000000000000dead,25905259060000000000001,PancakeSwap Token,Cake,18,0,53920,34000000000,20947,20947,deprecated,6771138
32,1653545,1603632788,0x055111a8c62b85594db25c95f1a356b7b055b1a6fe630ba99e9fcab9db214584,10,0x9c642f25daedfc8d7639864f866b0e779829ee6268fc6a50bdb9a3e78630cf95,0xd4cfec77cdc21573982ec85cf33cfde6cc677e74,0x0e09fabb73bd3ade0a17ecc321fd13a19e81ce82,0x000000000000000000000000000000000000dead,116167728300000000000000,PancakeSwap Token,Cake,18,3,39529,20000000000,35935,320421,deprecated,6745849
33,1680712,1603714328,0x92a680279b41db7e415b0d2bccef87f5948a0d013fcf10e26f75375f372747b2,11,0xdeb402e16b0659025d373ef72248a8195a18e36e41f61b9a5f5788a48fd20037,0xd4cfec77cdc21573982ec85cf33cfde6cc677e74,0x0e09fabb73bd3ade0a17ecc321fd13a19e81ce82,0x000000000000000000000000000000000000dead,108039405983806591959894,PancakeSwap Token,Cake,18,0,53920,31000000000,35947,35947,deprecated,6718682
34,1682950,1603721044,0xd20f9257e24501f98f4c27828a0dc702725273a0cc3be4f705d66abf67ea44b6,194,0x745f2ff1659d070e6ceadd8b686c0b03450f908db75d7d5278ce3eaf1c08c5e7,0x35f16a46d3cf19010d28578a8b02dfa3cb4095a1,0x0e09fabb73bd3ade0a17ecc321fd13a19e81ce82,0x000000000000000000000000000000000000dead,22000000000000000000000,PancakeSwap Token,Cake,18,0,53884,44000000000,35923,35923,deprecated,6716444
35,1709432,1603800595,0x765858b1c7230c32599f1ff5c43022059464389c9db88a8bd1d5fd22e0f6dff8,12,0xeb634ebc7aea9acdc90513730507aadf577693a0d80ff393de42b999d2916d60,0xd4cfec77cdc21573982ec85cf33cfde6cc677e74,0x0e09fabb73bd3ade0a17ecc321fd13a19e81ce82,0x000000000000000000000000000000000000dead,114125061451139013202064,PancakeSwap Token,Cake,18,0,53902,28000000000,35935,35935,deprecated,6689962
36,1713326,1603812277,0x4ed5935be30008507a8f30a1d4e60ffaaae9a39322e33849adceb43c12ee939a,255,0x886ad5234201b11680585fc57eb73fff4afd02f6ffcc2385534fdb04f17aa428,0x35f16a46d3cf19010d28578a8b02dfa3cb4095a1,0x0e09fabb73bd3ade0a17ecc321fd13a19e81ce82,0x000000000000000000000000000000000000dead,17022000000000000000000,PancakeSwap Token,Cake,18,0,53884,48000000000,35923,35923,deprecated,6686068
37,1740758,1603894573,0xd78af5c8116f97ac4601057517c8147238505c98c53a45cc63856799f4ce60fa,13,0xae0ba7aeb175634e70889ad744b1a38f61501e27e30ba110fd51b492adadc613,0xd4cfec77cdc21573982ec85cf33cfde6cc677e74,0x0e09fabb73bd3ade0a17ecc321fd13a19e81ce82,0x000000000000000000000000000000000000dead,124495666406423540782894,PancakeSwap Token,Cake,18,0,53920,99000000000,35947,35947,deprecated,6658636
38,1741427,1603896580,0x80ff8ed461bf3c845a4b341309a8aaa6ef5462f4cad6d791eea21970a742cb78,277,0x3d2a2effdf38725e4b54c60e4e7d4978dc8ca70d39c6dc63cb67037813def42d,0x35f16a46d3cf19010d28578a8b02dfa3cb4095a1,0x0e09fabb73bd3ade0a17ecc321fd13a19e81ce82,0x000000000000000000000000000000000000dead,30000000000000000000000,PancakeSwap Token,Cake,18,0,53884,118000000000,35923,35923,deprecated,6657967
39,1767265,1603974140,0x25ed1fbc418d58631d1a7849387880d2e225fd4cc95cd1134cfb98a6b4e8ecc6,14,0xc730a9bbce83d52b8f4fd267cfd76308d5bab78a67456a2575819f51b5587520,0xd4cfec77cdc21573982ec85cf33cfde6cc677e74,0x0e09fabb73bd3ade0a17ecc321fd13a19e81ce82,0x000000000000000000000000000000000000dead,104563534391534391530479,PancakeSwap Token,Cake,18,0,53920,77000000000,35947,35947,deprecated,6632129
40,1769815,1603981790,0xe8d9a65a6281fc28a487d75a2f04d18b5c6642f24316804d9c1d4bbb5e2a74de,301,0x760facf78f32ca3f62bf60d4c007fa9f8e41d210a1505c83a7decc3b64023a9d,0x35f16a46d3cf19010d28578a8b02dfa3cb4095a1,0x0e09fabb73bd3ade0a17ecc321fd13a19e81ce82,0x000000000000000000000000000000000000dead,112050000000000000000000,PancakeSwap Token,Cake,18,0,53884,97000000000,35923,35923,deprecated,6629579
41,1797101,1604063691,0x5bc6b7e9b44aba756587010669aa25f389d80d847cfa111c74fd02c4ef76d7a6,15,0x6ff3434cf10106d2d1b6903ee0c0b34d93ac097c3e5d046a82ae5af6e997b665,0xd4cfec77cdc21573982ec85cf33cfde6cc677e74,0x0e09fabb73bd3ade0a17ecc321fd13a19e81ce82,0x000000000000000000000000000000000000dead,102360010142085553415249,PancakeSwap Token,Cake,18,0,53920,51000000000,35947,35947,deprecated,6602293
42,1798166,1604066886,0xa570a6d6af8cb63721b213e0f94c8b7e5a2146c6e71ab87175cd41c8a202e85d,324,0x84c5f8ce94c4d6fad86bd3505f88e4d4685bbd3c2ffd71a034fcf966dcd8e780,0x35f16a46d3cf19010d28578a8b02dfa3cb4095a1,0x0e09fabb73bd3ade0a17ecc321fd13a19e81ce82,0x000000000000000000000000000000000000dead,490403000000000000000000,PancakeSwap Token,Cake,18,0,53884,37000000000,35923,35923,deprecated,6601228
43,1825297,1604148327,0xc8c7b7ca4fd2dd3bcbcd33eb7221f755f30e30f5ab92d75fcd5cb7147a836bba,16,0x8006558299278e659998906ae8228c456096c5edb7473c58c624fc2dd6b2a22b,0xd4cfec77cdc21573982ec85cf33cfde6cc677e74,0x0e09fabb73bd3ade0a17ecc321fd13a19e81ce82,0x000000000000000000000000000000000000dead,91893794778043406922660,PancakeSwap Token,Cake,18,3,53920,20000000000,35947,720291,deprecated,6574097
44,1827602,1604155242,0x5f535b0c9b37003aaccdaa4c9ded3cd11550e2fd573c4a5a8ad05906387db1aa,341,0x53c7da3cd8a2523bcde0477da2e7f482fbba5ec34af28d4d35800cb063136b70,0x35f16a46d3cf19010d28578a8b02dfa3cb4095a1,0x0e09fabb73bd3ade0a17ecc321fd13a19e81ce82,0x000000000000000000000000000000000000dead,454832000000000000000000,PancakeSwap Token,Cake,18,0,53884,32000000000,35923,35923,deprecated,6571792
45,1857251,1604244241,0x41fc6a8fba13f5d912425a3ffd2199ed1d91eb24b9f33545bf36d8884dee5cbe,364,0xb4478256e484cdd89288d2c087a7894333e4c0687cbf910a85b2c12e69ef5cea,0x35f16a46d3cf19010d28578a8b02dfa3cb4095a1,0x0e09fabb73bd3ade0a17ecc321fd13a19e81ce82,0x000000000000000000000000000000000000dead,463222000000000000000000,PancakeSwap Token,Cake,18,0,53884,27000000000,35923,35923,deprecated,6542143
46,1857288,1604244352,0x0b396e3500f846988ac986b23e8dcbe08487605b2f2d380e6a8e92d1454387cd,17,0x85a9664eeec1939b9b30fea6fb71f1892d1328c01c5d7e1e88d35f2fdd4280ae,0xd4cfec77cdc21573982ec85cf33cfde6cc677e74,0x0e09fabb73bd3ade0a17ecc321fd13a19e81ce82,0x000000000000000000000000000000000000dead,167584331505179768428008,PancakeSwap Token,Cake,18,1,53920,27000000000,35947,170766,deprecated,6542106
47,1884597,1604326282,0x6937fd744590b8e01f036e020a0b7401ae6b5f02c2f2fd6f383790c7079e7e38,19,0x346294047a03747159bfecc57d9969f710d3f36316c3d9aa7ee439cadb6a7474,0xd4cfec77cdc21573982ec85cf33cfde6cc677e74,0x0e09fabb73bd3ade0a17ecc321fd13a19e81ce82,0x000000000000000000000000000000000000dead,102066766418225284765039,PancakeSwap Token,Cake,18,0,53920,50000000000,20947,20947,deprecated,6514797
48,1884832,1604326987,0xff70343d2947c33be204015292aa28e10b0beb011c6ec43fd670baf86fb190e2,385,0x7cc808f22c1780c539dcc767a6cd3e5b0e927ec6890541b810fbd43069910fd7,0x35f16a46d3cf19010d28578a8b02dfa3cb4095a1,0x0e09fabb73bd3ade0a17ecc321fd13a19e81ce82,0x000000000000000000000000000000000000dead,421561000000000000000000,PancakeSwap Token,Cake,18,0,53884,50000000000,35923,35923,deprecated,6514562
49,1915305,1604418409,0xdc925dc24018f8ac1f80b11f3f4a41cd776efff8e4c546319111c3dc5c632c45,408,0xdd8298e000c20a07d883199135cb8aaed92762d9e20271b6791a2082c002e7bc,0x35f16a46d3cf19010d28578a8b02dfa3cb4095a1,0x0e09fabb73bd3ade0a17ecc321fd13a19e81ce82,0x000000000000000000000000000000000000dead,488872000000000000000000,PancakeSwap Token,Cake,18,0,53884,49000000000,35923,35923,deprecated,6484089
50,1915702,1604419600,0xf6c2a4b176e2d4004236894d423a94af24b2aba00e338c2d83dd6b9aa2d050e2,20,0x683d30a3b5fce9e44f1b62161447d6a6f47e44f7b409f97662717fe7535236ef,0xd4cfec77cdc21573982ec85cf33cfde6cc677e74,0x0e09fabb73bd3ade0a17ecc321fd13a19e81ce82,0x000000000000000000000000000000000000dead,125882444475694932726193,PancakeSwap Token,Cake,18,0,53920,55000000000,35947,35947,deprecated,6483692
51,1942168,1604499023,0xb0e18647b617e676e89e5132683bad4f10d8bd8388d22627b3475e3cda9998cb,21,0xe5cf2c7db37d12cc3c8b42f5713cbbc26aea126dd0c5a6cdce995aed728cd81a,0xd4cfec77cdc21573982ec85cf33cfde6cc677e74,0x0e09fabb73bd3ade0a17ecc321fd13a19e81ce82,0x000000000000000000000000000000000000dead,102846680830493806571009,PancakeSwap Token,Cake,18,0,53920,32000000000,35947,35947,deprecated,6457226
52,1942273,1604499338,0x86f85264bc02ec74b8b61b11d3d38d2e926e9c77c8f0a7ed0b30342c20851732,429,0xf96b659dc1e6ee3da268cf4c7a3872a85be471f335a66fc217409647ed0505a1,0x35f16a46d3cf19010d28578a8b02dfa3cb4095a1,0x0e09fabb73bd3ade0a17ecc321fd13a19e81ce82,0x000000000000000000000000000000000000dead,439810000000000000000000,PancakeSwap Token,Cake,18,0,53884,32000000000,35923,35923,deprecated,6457121
53,1970734,1604584721,0x11a9df8f1af0ddd89c71678eabb9e4abed12914ab9657ff53b796e1d4ae9cad4,446,0x1c15c2a41c65459eb7fd7a33897929c0c78c5acdcac3af9797ae77173bdd4e9d,0x35f16a46d3cf19010d28578a8b02dfa3cb4095a1,0x0e09fabb73bd3ade0a17ecc321fd13a19e81ce82,0x000000000000000000000000000000000000dead,432000000000000000000000,PancakeSwap Token,Cake,18,0,53866,44000000000,35911,35911,deprecated,6428660
54,1970766,1604584817,0x0cb52ba65012d02e501444bfc76700c99af8cf67cd2c08c49dede6cc6d44e390,22,0x4070e5332a7116d15692ed1bdf21b6c964ce64bba94cc764ea7d6fc50a1ba10f,0xd4cfec77cdc21573982ec85cf33cfde6cc677e74,0x0e09fabb73bd3ade0a17ecc321fd13a19e81ce82,0x000000000000000000000000000000000000dead,118379320825340382720049,PancakeSwap Token,Cake,18,0,53920,44000000000,35947,35947,deprecated,6428628
55,1997388,1604664708,0x566e2c091194a6133e22468719ad04ba46e2f33b60f376c912993408e58314d6,23,0xd2801cf3ea6524240820f49df586aabdc8a01952a518813ad91bfc21e3f62602,0xd4cfec77cdc21573982ec85cf33cfde6cc677e74,0x0e09fabb73bd3ade0a17ecc321fd13a19e81ce82,0x000000000000000000000000000000000000dead,103884712113414120614678,PancakeSwap Token,Cake,18,0,53920,57000000000,35947,35947,deprecated,6402006
56,2000975,1604675469,0x621b79653a2e47a26af39bfafe5b195b05df35e354019638b3a69d2bec2725e9,470,0x87b1dc9b3df41df2a32186b9569bbfd97bc22f67dc80d46076203854943ec587,0x35f16a46d3cf19010d28578a8b02dfa3cb4095a1,0x0e09fabb73bd3ade0a17ecc321fd13a19e81ce82,0x000000000000000000000000000000000000dead,471930000000000000000000,PancakeSwap Token,Cake,18,0,53884,96000000000,35923,35923,deprecated,6398419
57,2027047,1604753685,0xb0d1f61f68fb44bc3dee291da40a66bc65ce36aabb8b312f82f4c1ff188cb399,24,0xebb5e4c9b7586a95f853376fd7b41d18a8ba8b9a442db4f32213cac49a0bcc0f,0xd4cfec77cdc21573982ec85cf33cfde6cc677e74,0x0e09fabb73bd3ade0a17ecc321fd13a19e81ce82,0x000000000000000000000000000000000000dead,113300948952662969410986,PancakeSwap Token,Cake,18,0,53920,36000000000,35947,35947,deprecated,6372347
58,2031690,1604767614,0xb385084d358ded9fb9da19bda376214a8c0837a9e9535c66c7d808650b602024,490,0x1a87c66b4f82d22e0d92e2305538c2f080a2f7e7d2da1c80514656bd2d52fb1d,0x35f16a46d3cf19010d28578a8b02dfa3cb4095a1,0x0e09fabb73bd3ade0a17ecc321fd13a19e81ce82,0x000000000000000000000000000000000000dead,486579000000000000000000,PancakeSwap Token,Cake,18,0,53884,40000000000,35923,35923,deprecated,6367704
59,2057673,1604845563,0xc55ea8ef737df9aba3728659e3c8c8db5626d792f6eaf423140df255bc6691a2,25,0x7d79b905e89774a0fd1339e705a511ef4bf17ee36ea85be6426f623c9925b2dc,0xd4cfec77cdc21573982ec85cf33cfde6cc677e74,0x0e09fabb73bd3ade0a17ecc321fd13a19e81ce82,0x000000000000000000000000000000000000dead,130310442536693436715866,PancakeSwap Token,Cake,18,0,53920,22400000000,20947,20947,deprecated,6341721
60,2057939,1604846361,0x2967cf4b5eb571715d067c89ac66e41a9f5243043976f85a62e71251012aeb52,509,0xf91c6276d65015f1c264aaec7f4015bb6b99947335db0d0d153ebc2bb8726351,0x35f16a46d3cf19010d28578a8b02dfa3cb4095a1,0x0e09fabb73bd3ade0a17ecc321fd13a19e81ce82,0x000000000000000000000000000000000000dead,419453000000000000000000,PancakeSwap Token,Cake,18,1,53884,23000000000,35923,80254,deprecated,6341455
61,2085645,1604929479,0x4ba1ea33c37000d2db3a53ec8567d2f1acf01ef752425959d42a3c4f9efad2ba,26,0x1976ff50262524c3c6c9b8b09488a6cd41751357be5952737362a9b047a9f45c,0xd4cfec77cdc21573982ec85cf33cfde6cc677e74,0x0e09fabb73bd3ade0a17ecc321fd13a19e81ce82,0x000000000000000000000000000000000000dead,111084389181205575551605,PancakeSwap Token,Cake,18,0,53920,49000000000,35947,35947,deprecated,6313749
62,2086408,1604931768,0xeef6c0f89685ec44609e8f10603404de98445d2f695dfe9e0f9c864b5dadaa8a,530,0xb34fa5e1852edbfc533aa8e46c0d029c0ac607f0605db8fd715d631bf5ab8df6,0x35f16a46d3cf19010d28578a8b02dfa3cb4095a1,0x0e09fabb73bd3ade0a17ecc321fd13a19e81ce82,0x000000000000000000000000000000000000dead,456567000000000000000000,PancakeSwap Token,Cake,18,0,53884,50000000000,35923,35923,deprecated,6312986
63,2113709,1605013859,0x6b4d39422ca8dbc07d459b2e613fe6c70a9898a615c842af2becd6c18ebb31c4,27,0xd37be9b5840f51056aa548c6da0b5ae4e821ae208644358165a51482bd458b99,0xd4cfec77cdc21573982ec85cf33cfde6cc677e74,0x0e09fabb73bd3ade0a17ecc321fd13a19e81ce82,0x000000000000000000000000000000000000dead,109361695732080726155182,PancakeSwap Token,Cake,18,0,53902,30000000000,35935,35935,deprecated,6285685
64,2118521,1605028324,0x41ee25c92921c9eedbf2727fbe1b0e2fa32a2d9b1775abd0cdffe6b88b3a4555,553,0x122af0273dd86b4e6dc289983288c1852186d46fa14378b69901ae68a739202c,0x35f16a46d3cf19010d28578a8b02dfa3cb4095a1,0x0e09fabb73bd3ade0a17ecc321fd13a19e81ce82,0x000000000000000000000000000000000000dead,509299000000000000000000,PancakeSwap Token,Cake,18,0,53884,33000000000,35923,35923,deprecated,6280873
65,2143528,1605103345,0x35271e9ee0eb6395448285d2972dd8e49ddfb69fc32acd0bbec79645e5078016,28,0x2450f5657922ec9f34cf617d1ee57012547e02b854830654f920ca5448cf8847,0xd4cfec77cdc21573982ec85cf33cfde6cc677e74,0x0e09fabb73bd3ade0a17ecc321fd13a19e81ce82,0x000000000000000000000000000000000000dead,124125260502992241116216,PancakeSwap Token,Cake,18,0,53920,38000000000,20947,20947,deprecated,6255866
66,2146754,1605113032,0xc07d53eef00d1d8f9d12071970cf02dd5eb15653aef10ef0729721a01673743d,571,0x1655d892ae21e0d9681c3f20c2dffc7719fefc4b564c7c61eb770f224fb32e7d,0x35f16a46d3cf19010d28578a8b02dfa3cb4095a1,0x0e09fabb73bd3ade0a17ecc321fd13a19e81ce82,0x000000000000000000000000000000000000dead,400000000000000000000000,PancakeSwap Token,Cake,18,0,53866,42000000000,35911,35911,deprecated,6252640
67,2173160,1605192316,0x0efb6137deb79673f057d1b01a74cdfca06c7efc4caa910a1cf785d1f3ca5cac,30,0xca57ec6513beb87154f47213db01211738895422d9a8b9d38c63aaf776fd76b0,0xd4cfec77cdc21573982ec85cf33cfde6cc677e74,0x0e09fabb73bd3ade0a17ecc321fd13a19e81ce82,0x000000000000000000000000000000000000dead,115157321818181818179916,PancakeSwap Token,Cake,18,0,53920,50000000000,20947,20947,deprecated,6226234
68,2174424,1605196108,0x1f0918fa63526970d132862c9adc76516765fbe8a0255ff9972ce8f3b3d31556,594,0xbeeccfbcbef05ef43b32b104185d194757559d83c7541a3073843fea64388358,0x35f16a46d3cf19010d28578a8b02dfa3cb4095a1,0x0e09fabb73bd3ade0a17ecc321fd13a19e81ce82,0x000000000000000000000000000000000000dead,462778000000000000000000,PancakeSwap Token,Cake,18,0,53884,47000000000,35923,35923,deprecated,6224970
69,2230235,1605363637,0x04c4fc830dc559c376b6521402ece56a07b392317acbdcf87606be5263949012,32,0xd363e725895b3f8956e04255ffa00180018f3898a9041470847970b78ff6eff0,0xd4cfec77cdc21573982ec85cf33cfde6cc677e74,0x0e09fabb73bd3ade0a17ecc321fd13a19e81ce82,0x000000000000000000000000000000000000dead,126888705454545454542191,PancakeSwap Token,Cake,18,0,53920,26000000000,35947,35947,deprecated,6169159
70,2230369,1605364039,0xc56a310642e08905440a9c020500b8b6cd7bb9c6db9cd6f7e0d54431a0841c8c,643,0x5e2b9ba0fb6e5ab5d9012814a49d6c6236b929badb01eb0487db59637cb1b48f,0x35f16a46d3cf19010d28578a8b02dfa3cb4095a1,0x0e09fabb73bd3ade0a17ecc321fd13a19e81ce82,0x000000000000000000000000000000000000dead,487960000000000000000000,PancakeSwap Token,Cake,18,0,53884,26000000000,35923,35923,deprecated,6169025
71,2260818,1605455502,0x57186e9208419db787c3fe8932f4663e04cd236af0364fb54a0795f73547ee36,33,0xac41ce528a3f6070c0bbe1b37e4a86aba8f75cfa502b3f82961ecde124a8f432,0xd4cfec77cdc21573982ec85cf33cfde6cc677e74,0x0e09fabb73bd3ade0a17ecc321fd13a19e81ce82,0x000000000000000000000000000000000000dead,127570629090909090907382,PancakeSwap Token,Cake,18,0,53920,41000000000,35947,35947,deprecated,6138576
72,2260903,1605455757,0x5b199dfd84ca709f4269ecf964d7ae5a712b7bd14f09b6e60d0c6279daddadf4,666,0xdab3062ca04f1ac303b008041d8ee2ae1fcc28a6503e9a4bf517151d472592af,0x35f16a46d3cf19010d28578a8b02dfa3cb4095a1,0x0e09fabb73bd3ade0a17ecc321fd13a19e81ce82,0x000000000000000000000000000000000000dead,477110000000000000000000,PancakeSwap Token,Cake,18,0,53884,41000000000,35923,35923,deprecated,6138491
73,2287821,1605536704,0xcb9e039e983bd11c642a32c14a6bba53e7a3b8ecf4ed445cd3adb435c2f76e25,34,0xb1e6d0bbf92b646228efbd2f3d5c6083e080d5ab04790f9787c68d292a5b368b,0xd4cfec77cdc21573982ec85cf33cfde6cc677e74,0x0e09fabb73bd3ade0a17ecc321fd13a19e81ce82,0x000000000000000000000000000000000000dead,107894354545454545452911,PancakeSwap Token,Cake,18,0,53920,38000000000,35947,35947,deprecated,6111573
74,2288330,1605538231,0x4f48d9913d7080b7658b18dd023f7bfa0856c204ffcc5d49e5fbc00951b28794,687,0xf9cea65b5ae8abc4cac2957ce885df6003c05977c9be52ddab3b5ca7393f5f15,0x35f16a46d3cf19010d28578a8b02dfa3cb4095a1,0x0e09fabb73bd3ade0a17ecc321fd13a19e81ce82,0x000000000000000000000000000000000000dead,440700000000000000000000,PancakeSwap Token,Cake,18,0,53884,52000000000,35923,35923,deprecated,6111064
75,2315902,1605621168,0xd2aa23855de7de3c9533b72f4988fe3a3e18af8946c00982c46b78aea4d11f01,35,0x27efad2af266d00c74880ac4437d8a6cb56155d19c0e3264f3da42535e872a44,0xd4cfec77cdc21573982ec85cf33cfde6cc677e74,0x0e09fabb73bd3ade0a17ecc321fd13a19e81ce82,0x000000000000000000000000000000000000dead,109422405454545454543466,PancakeSwap Token,Cake,18,0,53920,64000000000,20947,20947,deprecated,6083492
76,2317052,1605624637,0x6311d8a8649eb44582ee55f3d5e9d9db53a960637b23733bb46a384a868e6f22,706,0xced47e888a5f363e06927a2191896b91dc3a854ff82cf49d18389c3180623c04,0x35f16a46d3cf19010d28578a8b02dfa3cb4095a1,0x0e09fabb73bd3ade0a17ecc321fd13a19e81ce82,0x000000000000000000000000000000000000dead,481850000000000000000000,PancakeSwap Token,Cake,18,0,53884,80000000000,35923,35923,deprecated,6082342
77,2343951,1605705513,0x19ecb0e1a82598b85c1f1389739f8d0052cdc2d3c7aa2f767557daa624a3e500,36,0x29a3db22f90bf87b8c0563bc30f34241fbcd0e417f30c673cc3327ef10346e97,0xd4cfec77cdc21573982ec85cf33cfde6cc677e74,0x0e09fabb73bd3ade0a17ecc321fd13a19e81ce82,0x000000000000000000000000000000000000dead,115568345454545454543595,PancakeSwap Token,Cake,18,0,53920,50000000000,35947,35947,deprecated,6055443
78,2348535,1605719265,0x0844270fb8728cae988cfa2e6fc2220754dc0113002a1ed19c54e600cde7f417,729,0x69dd9b026f4143f750c49e26092ea686556388ff0b45df703c8ebfeca89b4790,0x35f16a46d3cf19010d28578a8b02dfa3cb4095a1,0x0e09fabb73bd3ade0a17ecc321fd13a19e81ce82,0x000000000000000000000000000000000000dead,477965000000000000000000,PancakeSwap Token,Cake,18,0,53884,64000000000,35923,35923,deprecated,6050859
79,2375210,1605799444,0xa7a9763637bd76735bb6588388e045d3ec3b4961b400772a579f9b4535c7e676,37,0x82774a8cb5ab22337858433d7c09e1ca46d9564f5493365cccf1bbbbc2bcab9e,0xd4cfec77cdc21573982ec85cf33cfde6cc677e74,0x0e09fabb73bd3ade0a17ecc321fd13a19e81ce82,0x000000000000000000000000000000000000dead,124568676739052480693426,PancakeSwap Token,Cake,18,0,53920,48000000000,35947,35947,deprecated,6024184
80,2377855,1605807388,0x5822dffe722a6d1bed8c78e0afc388bf8e67e823fbe26d46ba98edacea2117d1,753,0xb794481102615433c0986821f23aa811a7334eb2764040ded48f6cf6a53522bb,0x35f16a46d3cf19010d28578a8b02dfa3cb4095a1,0x0e09fabb73bd3ade0a17ecc321fd13a19e81ce82,0x000000000000000000000000000000000000dead,491153000000000000000000,PancakeSwap Token,Cake,18,0,53884,37000000000,35923,35923,deprecated,6021539
81,2402650,1605881892,0x633c6ab615798b99a2a1b28fb194e768edeed542b4a50839f4b1352162789306,38,0xdc9dbf89df50099406ae54df364510cc99435d8a8a5ad49448c935878c550d82,0xd4cfec77cdc21573982ec85cf33cfde6cc677e74,0x0e09fabb73bd3ade0a17ecc321fd13a19e81ce82,0x000000000000000000000000000000000000dead,111399518830203944407759,PancakeSwap Token,Cake,18,0,53920,59000000000,35947,35947,deprecated,5996744
82,2404024,1605886022,0x00c99a53e635aae36094c8cb11d9c648a327796136bd85f8a5401b680030fa58,782,0x398240240c51d1c5104c60ad782c21f4341cf78d556874897f98e482ce587b66,0x35f16a46d3cf19010d28578a8b02dfa3cb4095a1,0x0e09fabb73bd3ade0a17ecc321fd13a19e81ce82,0x000000000000000000000000000000000000dead,1793882000000000000000000,PancakeSwap Token,Cake,18,0,53902,82000000000,35935,35935,deprecated,5995370
83,2430748,1605966277,0x51b4cb3ffe25e4250e1932fee097e894d496b15744aca7af3432e2e8a56a4f3d,39,0x280ab8b637d587d582c016cf6c2f6de35a420823c2131172405d1656aa0ccf74,0xd4cfec77cdc21573982ec85cf33cfde6cc677e74,0x0e09fabb73bd3ade0a17ecc321fd13a19e81ce82,0x000000000000000000000000000000000000dead,100276868496635125506817,PancakeSwap Token,Cake,18,0,53920,30000000000,35947,35947,deprecated,5968646
84,2432265,1605970855,0xe68c0d8cd592aa03843867b99a4d610c4a425f24463b172f719ff060dae21965,799,0x82c723dc45665a9007b4ee758b634b0c5bcbbb150a052f3c5e2e0ac0732f73d3,0x35f16a46d3cf19010d28578a8b02dfa3cb4095a1,0x0e09fabb73bd3ade0a17ecc321fd13a19e81ce82,0x000000000000000000000000000000000000dead,455374000000000000000000,PancakeSwap Token,Cake,18,0,53884,58000000000,35923,35923,deprecated,5967129
85,2460128,1606054486,0xb9e950ca342ca22ab75fd2515635ab1c5bd76f4161c5913ecb3f5e1997a5b399,40,0xf76bfd3df49a031183839b5409efbaa461d29cebb6a1465f6295cf7788ef2764,0xd4cfec77cdc21573982ec85cf33cfde6cc677e74,0x0e09fabb73bd3ade0a17ecc321fd13a19e81ce82,0x000000000000000000000000000000000000dead,128443496491228070173549,PancakeSwap Token,Cake,18,0,53920,28000000000,35947,35947,deprecated,5939266
86,2460430,1606055392,0x8f3a4709ce21110c098382db7d7619b18b421d3a2292ebe3230dae40f649b7ae,817,0x31d100a13f1af916a293c9836cbab679d63f764eb38d8a8b96fbb135313819d6,0x35f16a46d3cf19010d28578a8b02dfa3cb4095a1,0x0e09fabb73bd3ade0a17ecc321fd13a19e81ce82,0x000000000000000000000000000000000000dead,439665000000000000000000,PancakeSwap Token,Cake,18,0,53884,31000000000,35923,35923,deprecated,5938964
87,2489474,1606142712,0x6a914617db107e74fcf47500a23244378923d8262a1348aa17aa7e8ca62fd6fd,41,0x4b3944e91d554c3ac7dcf4f9d209dbcb65697b32c700fa8b1f4c1c8387f900bb,0xd4cfec77cdc21573982ec85cf33cfde6cc677e74,0x0e09fabb73bd3ade0a17ecc321fd13a19e81ce82,0x000000000000000000000000000000000000dead,117080149122807017542098,PancakeSwap Token,Cake,18,0,53920,119000000000,35947,35947,deprecated,5909920
88,2489629,1606143177,0x20ff674d3a0e21c66358a201387c1caac88ccd8cb026d665f001f32f4dfd61db,834,0x446e99d0a802a53fc1f5c24e43e28ae0518868acc776637867f674378bf086c8,0x35f16a46d3cf19010d28578a8b02dfa3cb4095a1,0x0e09fabb73bd3ade0a17ecc321fd13a19e81ce82,0x000000000000000000000000000000000000dead,444355000000000000000000,PancakeSwap Token,Cake,18,0,53884,102000000000,35923,35923,deprecated,5909765
89,2518868,1606231064,0x9b151ce69890a17671d2b8581471ccb1b6b219702d190ea300e8f72c85db0b3f,854,0x1305f02ebe37323657d63b313c52dba5a1d2524372694ab8d4b72bf464611b75,0x35f16a46d3cf19010d28578a8b02dfa3cb4095a1,0x0e09fabb73bd3ade0a17ecc321fd13a19e81ce82,0x000000000000000000000000000000000000dead,457080000000000000000000,PancakeSwap Token,Cake,18,0,53884,102000000000,35923,35923,deprecated,5880526
90,2520760,1606236740,0xdd202fe9fe9429b9a84392dd828741a4dcb557fc9624b9cb8b8f93c7f3f049e2,42,0xca1be39e1119d9a17dd37aa1c10a754aa1596663d0c1a1f5962f16d25818e76f,0xd4cfec77cdc21573982ec85cf33cfde6cc677e74,0x0e09fabb73bd3ade0a17ecc321fd13a19e81ce82,0x000000000000000000000000000000000000dead,121698640350877192980405,PancakeSwap Token,Cake,18,0,53920,75000000000,35947,35947,deprecated,5878634
91,2545491,1606311120,0x8523dac82572dca9241c8baecc4409d7610a1e2d6d6a782282411de8e139c1d9,43,0xeafd4a8532f557a49fd6d21e531c4a057c87e5a1c792aab3f218097c0e021264,0xd4cfec77cdc21573982ec85cf33cfde6cc677e74,0x0e09fabb73bd3ade0a17ecc321fd13a19e81ce82,0x000000000000000000000000000000000000dead,102956671728425449043585,PancakeSwap Token,Cake,18,0,53920,58000000000,35947,35947,deprecated,5853903
92,2547202,1606316256,0x0e7262abf7c7a23bc7d0b8edeb0f9a46b2d43cc3170361826a4de89ee1872c1f,873,0xe471550b330036d68c65b819f91f8ce43ed7d83411a710d86285f53390335831,0x35f16a46d3cf19010d28578a8b02dfa3cb4095a1,0x0e09fabb73bd3ade0a17ecc321fd13a19e81ce82,0x000000000000000000000000000000000000dead,452110000000000000000000,PancakeSwap Token,Cake,18,0,53884,58000000000,35923,35923,deprecated,5852192
93,2574355,1606397898,0xdda452ceae9dd12083e6096c3980817ca8c7151feb3ce437b0b539fe8879113d,44,0x2b97977f31c34cef17943a0fcd14bcd55617fe89d3181bc26e9bd9d6ddb2261c,0xd4cfec77cdc21573982ec85cf33cfde6cc677e74,0x0e09fabb73bd3ade0a17ecc321fd13a19e81ce82,0x000000000000000000000000000000000000dead,114967482220065296034549,PancakeSwap Token,Cake,18,0,53920,57000000000,20947,20947,deprecated,5825039
94,2578366,1606409940,0x81fdd7f367793c18d0b6a73fd0a8e137edc129d5a5f34c3785d8cd5797c7ffad,896,0x23c62c077d778e992f32efa3d26ee3f65af656ef0c74fa5e5abd06a8004b9305,0x35f16a46d3cf19010d28578a8b02dfa3cb4095a1,0x0e09fabb73bd3ade0a17ecc321fd13a19e81ce82,0x000000000000000000000000000000000000dead,498345000000000000000000,PancakeSwap Token,Cake,18,0,53884,63000000000,35923,35923,deprecated,5821028
95,2609364,1606503018,0x991c2ac702dc616323b0c09a1aa099a3384b0aba9c0fe0245c5900eca0aeabf8,920,0xcb66988577b8075dbd8814fea2f72353c7302c2c90180f22a12dbf12f82f93c0,0x35f16a46d3cf19010d28578a8b02dfa3cb4095a1,0x0e09fabb73bd3ade0a17ecc321fd13a19e81ce82,0x000000000000000000000000000000000000dead,500000000000000000000000,PancakeSwap Token,Cake,18,0,53884,21000000000,35923,35923,deprecated,5790030
96,2637386,1606587170,0x80f507cbd4449c6902bb07006690ff3a82f83035c69c9577540309068c351d0a,940,0xbefef6180910a87845f661df2076dce1a723fd0bd19be3ed5de8b35cba635e61,0x35f16a46d3cf19010d28578a8b02dfa3cb4095a1,0x0e09fabb73bd3ade0a17ecc321fd13a19e81ce82,0x000000000000000000000000000000000000dead,522382000000000000000000,PancakeSwap Token,Cake,18,3,53884,21000000000,35923,352665,deprecated,5762008
97,2667148,1606676486,0xeea35269baf2ed8ced9121e2136e7ef3e496caac7d755b6ae8b02635124e107c,960,0x462f4a32634bb7f51a17712e78a449f3751775db40c129afa6b4a237674b1010,0x35f16a46d3cf19010d28578a8b02dfa3cb4095a1,0x0e09fabb73bd3ade0a17ecc321fd13a19e81ce82,0x000000000000000000000000000000000000dead,456477000000000000000000,PancakeSwap Token,Cake,18,0,53884,21000000000,35923,35923,deprecated,5732246
98,2695755,1606762353,0x1b25b3023415f752c8ca03076c1dd8905de454a148199f7ecbc3c5f494a873dd,980,0x1b1775c287a146c8bab5bdc0fba5d62daa7d8f7ca0d7783e725c75eba27652fa,0x35f16a46d3cf19010d28578a8b02dfa3cb4095a1,0x0e09fabb73bd3ade0a17ecc321fd13a19e81ce82,0x000000000000000000000000000000000000dead,444722000000000000000000,PancakeSwap Token,Cake,18,0,53884,62000000000,35923,35923,deprecated,5703639
99,2725235,1606850847,0x077a58f582fba72228150a21892c73445d075e823291759dacdb0bb837819795,1002,0x758781b797f0ae35966101aea148d7c197f0aed69aba4ef89fac62a386be7b6d,0x35f16a46d3cf19010d28578a8b02dfa3cb4095a1,0x0e09fabb73bd3ade0a17ecc321fd13a19e81ce82,0x000000000000000000000000000000000000dead,458825000000000000000000,PancakeSwap Token,Cake,18,0,53884,25000000000,35923,35923,deprecated,5674159
100,2744923,1606910010,0xefbfdc1ab354b75e4253191d2a04538f55ca43b9187b29a64fc50aea43793168,48,0x5ed8dce6104ff95b32d51c24919d9e4655bbc3b3de6bb3e02da348c42294e06e,0xd4cfec77cdc21573982ec85cf33cfde6cc677e74,0x0e09fabb73bd3ade0a17ecc321fd13a19e81ce82,0x000000000000000000000000000000000000dead,250602065400000000000000,PancakeSwap Token,Cake,18,6,39529,20000000000,35935,611443,deprecated,5654471
101,2751946,1606931095,0x1fac7935a5f8c660d2779b672e66ae5ca92f2db852b5819a6fd2e6a01fe72ee2,1022,0xf2e5a14870146c02d82ff0a86ac78a837c74dd745047b29ec22c9e5931bbb423,0x35f16a46d3cf19010d28578a8b02dfa3cb4095a1,0x0e09fabb73bd3ade0a17ecc321fd13a19e81ce82,0x000000000000000000000000000000000000dead,401899000000000000000000,PancakeSwap Token,Cake,18,0,53884,23100000000,35923,35923,deprecated,5647448
102,2752006,1606931275,0x616c9ce40be6a8fb50330ac41f4edd22d4fda4368097ce4d30cd90f03924c9b6,1024,0xda169b54f78e55a95c317f9d790d223256b8283914aa0419a2aa0163c0ee00aa,0x35f16a46d3cf19010d28578a8b02dfa3cb4095a1,0x0e09fabb73bd3ade0a17ecc321fd13a19e81ce82,0x000000000000000000000000000000000000dead,20000000000000000000000,PancakeSwap Token,Cake,18,0,53884,23100000000,35923,35923,deprecated,5647388
103,2777538,1607008106,0xa9485510b4cee8b2e7fc9ec5ff7ef77a81211873d61ad80b47e0acdd6cc08ca8,49,0x596af6a7c650177c2971de95be08651b5809440323e61f6d45aeefc1cc0fe49a,0xd4cfec77cdc21573982ec85cf33cfde6cc677e74,0x0e09fabb73bd3ade0a17ecc321fd13a19e81ce82,0x000000000000000000000000000000000000dead,127745136230905707627079,PancakeSwap Token,Cake,18,0,53920,40000000000,35947,35947,deprecated,5621856
104,2781707,1607020613,0x96d7e8b4966dcda31b2933a0221e2da11e44a48ae7b7b7b2ee7867327e9e0a7b,1043,0x33b603de18971ee1c04de4aea8fa3825d20eaa1c9c25ed81075f19fdae048a03,0x35f16a46d3cf19010d28578a8b02dfa3cb4095a1,0x0e09fabb73bd3ade0a17ecc321fd13a19e81ce82,0x000000000000000000000000000000000000dead,464871000000000000000000,PancakeSwap Token,Cake,18,0,53884,21000000000,35923,35923,deprecated,5617687
105,2805385,1607091751,0x2a860720dbc3df34a26bc9b73fd71d45543fa81d82472dba29eacb7c8077f51b,50,0xf51d96872be3349822b658abbcc5c6bb8e14af35827e6b1f1b8dd5d6c6b8d6d7,0xd4cfec77cdc21573982ec85cf33cfde6cc677e74,0x0e09fabb73bd3ade0a17ecc321fd13a19e81ce82,0x000000000000000000000000000000000000dead,112000713793103448274031,PancakeSwap Token,Cake,18,0,53920,35000000000,35947,35947,deprecated,5594009
106,2806385,1607094799,0xa8eb0cb24c903ec19caad5dea588e772c9682bd0d52b0d3e97c45c14c05f8b7d,1064,0xb926cf1f371c3d9fb91cea7cc0fa6010f4784e291a8a6441c8e910c11e319ec0,0x35f16a46d3cf19010d28578a8b02dfa3cb4095a1,0x0e09fabb73bd3ade0a17ecc321fd13a19e81ce82,0x000000000000000000000000000000000000dead,404642000000000000000000,PancakeSwap Token,Cake,18,0,53884,43000000000,35923,35923,deprecated,5593009
107,2836522,1607185431,0x5d48689202f39e541a753f171ed105c291bdf9cf1ea06a3ef155f2c2e29ed214,51,0xe8bf54537d7d0b3125532c3973a5f83a070661dd7d4d54b8138c477be30d8f37,0xd4cfec77cdc21573982ec85cf33cfde6cc677e74,0x0e09fabb73bd3ade0a17ecc321fd13a19e81ce82,0x000000000000000000000000000000000000dead,121821739655172413791102,PancakeSwap Token,Cake,18,0,53920,30000000000,35947,35947,deprecated,5562872
108,2837393,1607188044,0x4d6eeaa270febfaced77006e60a3c7744368bf188fd31c46e15dd673895e73b0,1084,0x28912d2587844cdb0d8e636930eec97b5bda586684d8445904c3b7a14590b480,0x35f16a46d3cf19010d28578a8b02dfa3cb4095a1,0x0e09fabb73bd3ade0a17ecc321fd13a19e81ce82,0x000000000000000000000000000000000000dead,515629000000000000000000,PancakeSwap Token,Cake,18,0,53884,33000000000,35923,35923,deprecated,5562001
109,2861391,1607260041,0x0812b0fdd1b01e2cc087a68558b8823d4b55302382ce3ebf5d0cc2330bd7433d,52,0xd8082858b661e527ecd2e457ea0b4584072370a1de17293b0c5f7610493a45de,0xd4cfec77cdc21573982ec85cf33cfde6cc677e74,0x0e09fabb73bd3ade0a17ecc321fd13a19e81ce82,0x000000000000000000000000000000000000dead,100362000000000000000000,PancakeSwap Token,Cake,18,0,39516,20000000000,35923,35923,deprecated,5538003
110,2867961,1607279753,0x0c030e8c2a1f6b099385719a972e27d711fcb42fa246a6f5d38a3f5fa3ac6aa1,1106,0xfd7a7adb8cb4277c239d707bd2d00b9362fe933a2fecc5ffbf73bb70000dfc7a,0x35f16a46d3cf19010d28578a8b02dfa3cb4095a1,0x0e09fabb73bd3ade0a17ecc321fd13a19e81ce82,0x000000000000000000000000000000000000dead,488000000000000000000000,PancakeSwap Token,Cake,18,0,53866,39000000000,35911,35911,deprecated,5531433
111,2892378,1607353041,0xca043b98c4b40fb512c24b9c48a56e790097637a97a09e1cdfc72cc935e0e625,53,0x0490efea811609c3092f17b07ed8e82e54974987a7f105462456a46d0803af0f,0xd4cfec77cdc21573982ec85cf33cfde6cc677e74,0x0e09fabb73bd3ade0a17ecc321fd13a19e81ce82,0x000000000000000000000000000000000000dead,124740606896551724133563,PancakeSwap Token,Cake,18,0,53920,50000000000,35947,35947,deprecated,5507016
112,2896018,1607363961,0x241064036fa0b6305aee89d52574795bf8119821dfd51290bd455787f0f02b36,1127,0x0cf620fb7ab77eeaab8cd0deb5f700a9c0accad85919e5439cd60719be4bffad,0x35f16a46d3cf19010d28578a8b02dfa3cb4095a1,0x0e09fabb73bd3ade0a17ecc321fd13a19e81ce82,0x000000000000000000000000000000000000dead,461453000000000000000000,PancakeSwap Token,Cake,18,0,53884,26000000000,35923,35923,deprecated,5503376
113,2919546,1607434684,0xa6770d1b283d8bb76d6726385ec20511e6018c041e617c31b31805dbb058bf99,54,0xc2cff38223205117563a98af2dbcbebcf5807f789dbd229d730d22db52682ef5,0xd4cfec77cdc21573982ec85cf33cfde6cc677e74,0x0e09fabb73bd3ade0a17ecc321fd13a19e81ce82,0x000000000000000000000000000000000000dead,98343730273099381980231,PancakeSwap Token,Cake,18,0,53920,45000000000,35947,35947,deprecated,5479848
114,2926033,1607454145,0x356ad0cadfb10f9060d5fbd18df092baafb48a870f578040007987779d24ed45,1146,0x4a41d8ab94f105f72a5c926f54b198aa3c893c7132f4edd74b80af554f5cc230,0x35f16a46d3cf19010d28578a8b02dfa3cb4095a1,0x0e09fabb73bd3ade0a17ecc321fd13a19e81ce82,0x000000000000000000000000000000000000dead,491170000000000000000000,PancakeSwap Token,Cake,18,0,53884,31000000000,35923,35923,deprecated,5473361
115,2949484,1607524612,0x66d8e5adc5f429b5ef43f71767626896f67cb31acfd3917773010609d2aeac85,55,0x9e50287cd14a04f93ff5bf7524daad4596e78d58aac6f7824f5123b6aeb5e6da,0xd4cfec77cdc21573982ec85cf33cfde6cc677e74,0x0e09fabb73bd3ade0a17ecc321fd13a19e81ce82,0x000000000000000000000000000000000000dead,132562300182086187457397,PancakeSwap Token,Cake,18,0,53920,48000000000,35947,35947,deprecated,5449910
116,2954635,1607540484,0x7c31aa4ea2540054019017636a174a5dde532456b7111c3fc2bc9e31bbd6822d,1168,0x11a5b84d9c1850c0a93c7fbda09881c24b9f0ff732f6827ce6b1827874defd89,0x35f16a46d3cf19010d28578a8b02dfa3cb4095a1,0x0e09fabb73bd3ade0a17ecc321fd13a19e81ce82,0x000000000000000000000000000000000000dead,483548000000000000000000,PancakeSwap Token,Cake,18,0,53884,62600000000,35923,35923,deprecated,5444759
117,2976153,1607605303,0x188e738cbb68131b80618c513f6f648283e2105defa20f7e02ebe8d16cebd5b6,56,0x607550f222421a82a0c9f6631e3af2a3579ae8404e590767b78a0924f0846da3,0xd4cfec77cdc21573982ec85cf33cfde6cc677e74,0x0e09fabb73bd3ade0a17ecc321fd13a19e81ce82,0x000000000000000000000000000000000000dead,107647376398161796579758,PancakeSwap Token,Cake,18,0,53920,52000000000,35947,35947,deprecated,5423241
118,2982749,1607625110,0x60054982ee0b0323f77737dccb5f455a0346e8fc364c62360950a4bce6cd2dc4,1191,0x0f976dca0b1cc2c74e5079cb67bf953fcfdbc7ca9f419e2bb792d3fd1e67b479,0x35f16a46d3cf19010d28578a8b02dfa3cb4095a1,0x0e09fabb73bd3ade0a17ecc321fd13a19e81ce82,0x000000000000000000000000000000000000dead,463233000000000000000000,PancakeSwap Token,Cake,18,0,53884,32000000000,35923,35923,deprecated,5416645
119,3006524,1607696759,0x1f55ad8c6339349660cf7d4e323bbeb1974306b3d201c808d422c85bd1e02bc8,57,0x356de9677e7008781e24664a4c186ac5264cca9e9fdd1b838c714d5407cbc961,0xd4cfec77cdc21573982ec85cf33cfde6cc677e74,0x0e09fabb73bd3ade0a17ecc321fd13a19e81ce82,0x000000000000000000000000000000000000dead,116075279979190149999946,PancakeSwap Token,Cake,18,0,53920,90000000000,20947,20947,deprecated,5392870
120,3021552,1607741874,0xc9907dbe98d6f5742c06d704ff8554f97b142a6f44f43d7c57a328069b677344,1205,0xef1033826077be9f05ed867c05622ef9a0cf6ce8e324792a2cbede156abecb04,0x35f16a46d3cf19010d28578a8b02dfa3cb4095a1,0x0e09fabb73bd3ade0a17ecc321fd13a19e81ce82,0x000000000000000000000000000000000000dead,450000000000000000000000,PancakeSwap Token,Cake,18,0,53884,42000000000,35923,35923,deprecated,5377842
121,3035356,1607783323,0x8d6789c5389e6a6238c5d7323d801c83bd6b33c2354b9634d7c94e86d363196e,58,0x08578be6513601b181128eeabe1a71e71be39c365974567ade09eaac6ce0cb59,0xd4cfec77cdc21573982ec85cf33cfde6cc677e74,0x0e09fabb73bd3ade0a17ecc321fd13a19e81ce82,0x000000000000000000000000000000000000dead,118384492152952397463795,PancakeSwap Token,Cake,18,0,53920,39000000000,20947,20947,deprecated,5364038
122,3039557,1607795926,0x17003070db70385b99368285fa33dbdc33ef40840dea91af8419bf08681491fd,1221,0xbdf645e82d9c4095d931aefeac430c794b27d1c9f2d283355ea095e019f39330,0x35f16a46d3cf19010d28578a8b02dfa3cb4095a1,0x0e09fabb73bd3ade0a17ecc321fd13a19e81ce82,0x000000000000000000000000000000000000dead,502026000000000000000000,PancakeSwap Token,Cake,18,0,53884,31100000000,35923,35923,deprecated,5359837
123,3061753,1607862550,0x67fb0e444b8c0f6b08116fb759fc565eea003e18e27123ea2dcab53e0f1a80ac,329,0x177fbbc4c14e5f9197318007331f36511135db7fca9b2ce945d614066873efe2,0xab8ea62c1e520ecb3b99b9d13fdae5d15177233c,0x0e09fabb73bd3ade0a17ecc321fd13a19e81ce82,0x000000000000000000000000000000000000dead,1003842511609337646,PancakeSwap Token,Cake,18,1,53884,21400000000,20923,134441,deprecated,5337641
124,3062712,1607865427,0xa2d4e22aea1e43e7fd96ee14b047866317d24bfc33634e878d5650c02be10ea4,59,0xa8c86e00e0879598a0d3a7248b61537a23d6d0956ba9b352643b344d0f8f55ba,0xd4cfec77cdc21573982ec85cf33cfde6cc677e74,0x0e09fabb73bd3ade0a17ecc321fd13a19e81ce82,0x000000000000000000000000000000000000dead,104732943379866470125482,PancakeSwap Token,Cake,18,0,53920,34000000000,35947,35947,deprecated,5336682
125,3070463,1607888762,0x53f7d78903d5bcf4691266bfe0835043f274a0187e3494a3e37b34e960d7315d,1234,0x6ce539e00465f6818758f197f0b79f4a209c6330745c7ae6e7e3f5477517662c,0x35f16a46d3cf19010d28578a8b02dfa3cb4095a1,0x0e09fabb73bd3ade0a17ecc321fd13a19e81ce82,0x000000000000000000000000000000000000dead,509601000000000000000000,PancakeSwap Token,Cake,18,0,53884,40000000000,35923,35923,deprecated,5328931
126,3098965,1607974398,0xf7a23c5da59db2ca0471ff24f7edb9a771cf354577f70c20973f95060da01b7d,1250,0x4947f20dcda68d6791212f566494b85a939e0ea90ed739d929ef40d986339446,0x35f16a46d3cf19010d28578a8b02dfa3cb4095a1,0x0e09fabb73bd3ade0a17ecc321fd13a19e81ce82,0x000000000000000000000000000000000000dead,472287000000000000000000,PancakeSwap Token,Cake,18,0,53884,45733594924,35923,35923,deprecated,5300429
127,3108726,1608003767,0xb3bd5c7111ea13207b2721432c50137ee900c08b9eda73d63a156290d70cb63b,60,0xd025ac861bebede7802c3d07ee7d3c8098f27c34f1f335871edf89e0b892e019,0xd4cfec77cdc21573982ec85cf33cfde6cc677e74,0x0e09fabb73bd3ade0a17ecc321fd13a19e81ce82,0x000000000000000000000000000000000000dead,120001000000000000000000,PancakeSwap Token,Cake,18,0,53884,61500000000,35923,35923,deprecated,5290668
128,3122423,1608045004,0xd5a610a7a8491e5040601c96945ede2c356c3bc48b5515ac8e8650793fb915cb,61,0x4e6a45a73a9d7a054a0e6a932abab49ecbe8ee6b798520a1ad4e5c77b086bdfc,0xd4cfec77cdc21573982ec85cf33cfde6cc677e74,0x0e09fabb73bd3ade0a17ecc321fd13a19e81ce82,0x000000000000000000000000000000000000dead,118015028093297494138171,PancakeSwap Token,Cake,18,0,53920,119000000000,20947,20947,deprecated,5276971
129,3127082,1608058989,0xcc7c3395afb9211849e7c1af1dc46de375d5216c7e1098b6ded5d3d789090960,1264,0xe4a5714d7112fccdc44b355b5092988113bc7c6b745a7f1246d5b5503f553e39,0x35f16a46d3cf19010d28578a8b02dfa3cb4095a1,0x0e09fabb73bd3ade0a17ecc321fd13a19e81ce82,0x000000000000000000000000000000000000dead,466871000000000000000000,PancakeSwap Token,Cake,18,0,53884,48900000000,35923,35923,deprecated,5272312
130,3153751,1608139150,0x443bb243fc9c18883949d5558b5388002980d5d943778dafe32ba7fddb6a973b,62,0x3362062245f74df65cab1a712cb23a2597d349f8968f06ab0f3bcd26e2efbf93,0xd4cfec77cdc21573982ec85cf33cfde6cc677e74,0x0e09fabb73bd3ade0a17ecc321fd13a19e81ce82,0x000000000000000000000000000000000000dead,127359783577560045083614,PancakeSwap Token,Cake,18,1,53920,93000000000,35947,56947,deprecated,5245643
131,3156549,1608147590,0xc3f712b86a617a1629b56416f9da75013f44a3986110e264188f174e6af0b233,1280,0x84cc3e791532032b923357f51377b6465d37ca99266b26a8929abee09e129477,0x35f16a46d3cf19010d28578a8b02dfa3cb4095a1,0x0e09fabb73bd3ade0a17ecc321fd13a19e81ce82,0x000000000000000000000000000000000000dead,487189000000000000000000,PancakeSwap Token,Cake,18,0,53884,67000000000,35923,35923,deprecated,5242845
132,3179888,1608217681,0x858082edf2ff0ee270d32f7ae7d6589ee2c67bb35dfaf36fa6114add9174c71c,63,0x7b694c06df2d091dbe35b7558a49345bb34706e78f8f3c537499dc0c231bd68e,0xd4cfec77cdc21573982ec85cf33cfde6cc677e74,0x0e09fabb73bd3ade0a17ecc321fd13a19e81ce82,0x000000000000000000000000000000000000dead,100513964103008757474809,PancakeSwap Token,Cake,18,0,53920,157000000000,20947,20947,deprecated,5219506
133,3185053,1608233176,0x37da23f924d3e022af7c0a57a7d732db8246e48a9d878ae55c06b198accdb20a,1293,0xfb918df117014fc9bc7385acc80fd963c2fe3f7f805d8d9dba15ed9112e57bed,0x35f16a46d3cf19010d28578a8b02dfa3cb4095a1,0x0e09fabb73bd3ade0a17ecc321fd13a19e81ce82,0x000000000000000000000000000000000000dead,462469000000000000000000,PancakeSwap Token,Cake,18,0,53884,93000000000,35923,35923,deprecated,5214341
134,3208755,1608304500,0x6aface7aecbea699031543bd52592e2b942e12e6a030ac3584cbb8dc8940b6cc,64,0x96dec10b27eb0b986d1af38cff591742d08afd0883848a166ef07abec5a57ce0,0xd4cfec77cdc21573982ec85cf33cfde6cc677e74,0x0e09fabb73bd3ade0a17ecc321fd13a19e81ce82,0x000000000000000000000000000000000000dead,120001446978236365209074,PancakeSwap Token,Cake,18,0,53920,71000000000,35947,35947,deprecated,5190639
135,3238167,1608392929,0x801d97b9241695d01f7215bbc944aa2d8d0a8d2f5c30bdc99019484c8e61a750,65,0x6f6d7c8093aa101786401cc9b2a7a5347c8f640fefbeb354b6f2f5ec953fdfdb,0xd4cfec77cdc21573982ec85cf33cfde6cc677e74,0x0e09fabb73bd3ade0a17ecc321fd13a19e81ce82,0x000000000000000000000000000000000000dead,115491020202896037453449,PancakeSwap Token,Cake,18,0,53920,67000000000,35947,35947,deprecated,5161227
136,3295546,1608565319,0x411b69d2e110e90fa126e399dc5f9e69d31e04ff19ac355ad274f1d88eb5f0aa,66,0xc809d2aed0508c89a1dc9b98c29827c386c4f49b0d62a7fc0506c14c6110d0c1,0xd4cfec77cdc21573982ec85cf33cfde6cc677e74,0x0e09fabb73bd3ade0a17ecc321fd13a19e81ce82,0x000000000000000000000000000000000000dead,236805001737031451068734,PancakeSwap Token,Cake,18,0,53920,83000000000,35947,35947,deprecated,5103848
137,3295572,1608565397,0x05039cd54d4f0a483c06dba48ac11566b3fed85d2833c437d56225342bac0b22,1345,0x73bee42b2546d8301f1d98e271c5ae47c6569ebccdd841a95702686daa4b027c,0x35f16a46d3cf19010d28578a8b02dfa3cb4095a1,0x0e09fabb73bd3ade0a17ecc321fd13a19e81ce82,0x000000000000000000000000000000000000dead,1795873000000000000000000,PancakeSwap Token,Cake,18,0,53902,78000000000,35935,35935,deprecated,5103822
138,3495103,1609164325,0xc5ee83751173a1df3d04c99534ca00c450c218bf9338d003dcd4c74ec47c64e6,67,0xeabe67bdbfbd458317a38006bda1d76ce498109c6e271f542e9c23b5e781cff9,0xd4cfec77cdc21573982ec85cf33cfde6cc677e74,0x0e09fabb73bd3ade0a17ecc321fd13a19e81ce82,0x000000000000000000000000000000000000dead,796788563529721126746021,PancakeSwap Token,Cake,18,0,53920,303000000000,35947,35947,deprecated,4904291
139,3495167,1609164517,0x565df3d23b23d3e7073a490dd1281b269686bce89f1ae1e5952190d48752436e,1442,0x7340a4497ba808da4d0b909ecd3f394f22e6401d98b08b505bcd52d9a4cdc786,0x35f16a46d3cf19010d28578a8b02dfa3cb4095a1,0x0e09fabb73bd3ade0a17ecc321fd13a19e81ce82,0x000000000000000000000000000000000000dead,3921569000000000000000000,PancakeSwap Token,Cake,18,1,53902,195000000000,35935,1384671,deprecated,4904227
140,3696928,1609770174,0x650f54adb8ade8b8bc6f0b0be913d4af1e5cbde854ce7ef0ca3f642e1b14aaf7,68,0x7bec62ed3d991b247d597a83ef9a43c7a101d01a80b4ffc9789f8fcf0bd97f4b,0xd4cfec77cdc21573982ec85cf33cfde6cc677e74,0x0e09fabb73bd3ade0a17ecc321fd13a19e81ce82,0x000000000000000000000000000000000000dead,808648705948702163391372,PancakeSwap Token,Cake,18,0,53920,128000000000,35947,35947,deprecated,4702466
141,3697028,1609770474,0x8d6b41921169780d5db68b63e099e138d73520e93e906372fa9e5b7bc2b629e4,1540,0x4fe17049727823c9ae4a1c3c7c5ca0d33f555fb35294b30bc931c7d7919b4e8e,0x35f16a46d3cf19010d28578a8b02dfa3cb4095a1,0x0e09fabb73bd3ade0a17ecc321fd13a19e81ce82,0x000000000000000000000000000000000000dead,3178837000000000000000000,PancakeSwap Token,Cake,18,1,53902,134000000000,35935,72074,deprecated,4702366
142,3712868,1609818077,0x9b4b3a861f121a60769f182a2ea4266386221566f837d9a3578bc4a46143ef0f,1553,0xb73459b0724121d3bfe0cd2a416bf19ee746c9698453fa5848adffb13ce2b9ce,0x35f16a46d3cf19010d28578a8b02dfa3cb4095a1,0x0e09fabb73bd3ade0a17ecc321fd13a19e81ce82,0x000000000000000000000000000000000000dead,633000000000000000,PancakeSwap Token,Cake,18,0,53866,191000000000,35911,35911,deprecated,4686526
143,3899412,1610377861,0x7aed3f0cd4fb1b7522742f12cbda01e9328e08fe295fe8f73be7d365e171e5b5,69,0x8c134f3a5805beded1ef12b74078d5432ff9f54a61e9c0c3520911f0d78616d2,0xd4cfec77cdc21573982ec85cf33cfde6cc677e74,0x0e09fabb73bd3ade0a17ecc321fd13a19e81ce82,0x000000000000000000000000000000000000dead,810531892496875046554126,PancakeSwap Token,Cake,18,0,53920,321000000000,35947,35947,deprecated,4499982
144,3899629,1610378512,0x9ba39cf7a4aeeab1d18a6d8a3cf92ca7d13e78b34f51b43e96740c7752776547,1645,0x83b59381ca7d6a44dad90b985de41a0483d676702b7611a834dda773fb01755c,0x35f16a46d3cf19010d28578a8b02dfa3cb4095a1,0x0e09fabb73bd3ade0a17ecc321fd13a19e81ce82,0x000000000000000000000000000000000000dead,3986489000000000000000000,PancakeSwap Token,Cake,18,0,53884,146000000000,35923,35923,deprecated,4499765
145,4101782,1610985011,0xac497bc0546423cf557ff9b996b5ea9418368915f2dcfde5efc4c7836c8a7e3e,70,0xc1c9df44324c32b6b238a0215af0907ed2add3f2710ab037b488c5ff172249c5,0xd4cfec77cdc21573982ec85cf33cfde6cc677e74,0x0e09fabb73bd3ade0a17ecc321fd13a19e81ce82,0x000000000000000000000000000000000000dead,803791475574213402526415,PancakeSwap Token,Cake,18,1,53920,61000000000,35947,152386,deprecated,4297612
146,4102056,1610985833,0xede440611455d6a53a2fae3f566664b12efeb5b3311c0bec89f0cb246dba0e58,1736,0x99e3a7f8847ad00fef873e9de91005a35a0910a647b8f9ff0ca60b82e54776fd,0x35f16a46d3cf19010d28578a8b02dfa3cb4095a1,0x0e09fabb73bd3ade0a17ecc321fd13a19e81ce82,0x000000000000000000000000000000000000dead,3162812000000000000000000,PancakeSwap Token,Cake,18,0,53902,67000000000,35935,35935,deprecated,4297338
147,4205395,1611295852,0xeeb8770f876f8e5104c1c18852318a10f3bf1d3a0795f7956261b907fdab9e0b,14,0x47c459f56c4c405775c74fd05995f91fe04fd0b81327d9e40a41a944ea04d06d,0x031b8d6809de979e68e51a6e0f68843f89282563,0x0e09fabb73bd3ade0a17ecc321fd13a19e81ce82,0x000000000000000000000000000000000000dead,1683241036500723185,PancakeSwap Token,Cake,18,2,53884,21400000000,20923,130377,deprecated,4193999
148,4302436,1611587060,0x26fefea82af0bdc99764dac62727ed9f31ab49a5e6d7200b7bd3fa35ee4dd4de,71,0x27f446252140c3d13621461b79b892bc173347a1bc7b311d44264636b9b4cff0,0xd4cfec77cdc21573982ec85cf33cfde6cc677e74,0x0e09fabb73bd3ade0a17ecc321fd13a19e81ce82,0x000000000000000000000000000000000000dead,806066833237866570477200,PancakeSwap Token,Cake,18,0,41140,123000000000,35947,35947,deprecated,4096958
149,4303031,1611588845,0x01b661d5be69489f67b567720d8b6fdfc6cb50fa9096e4c79ee7e9029bb7332e,2424,0x77d66b1e57470e54384707f4c180f8469d79e230e0bd3fcde8f5f5e756308b8d,0x35f16a46d3cf19010d28578a8b02dfa3cb4095a1,0x0e09fabb73bd3ade0a17ecc321fd13a19e81ce82,0x000000000000000000000000000000000000dead,3580478000000000000000000,PancakeSwap Token,Cake,18,0,53902,148000000000,35935,35935,deprecated,4096363
150,4504591,1612194232,0xd8a0d43f578ff695eb11c18c6a4addeaab31474e8f1989b69db070a71d6a01ba,72,0xd33d5621248363ac146e9654692a7b78c9e404f5a14151efbb85a6a1e9066038,0xd4cfec77cdc21573982ec85cf33cfde6cc677e74,0x0e09fabb73bd3ade0a17ecc321fd13a19e81ce82,0x000000000000000000000000000000000000dead,807632864365473083611223,PancakeSwap Token,Cake,18,0,53920,152000000000,35947,35947,deprecated,3894803
151,4505509,1612196987,0x352fa46f9e425cc3800c5ee8b28df62aedecdcfe7fce5506279ab5fa380a1fec,2653,0x0127e281e4a932a06d27910e83560af89d7ac197faca66ed322d4e294aa42331,0x35f16a46d3cf19010d28578a8b02dfa3cb4095a1,0x0e09fabb73bd3ade0a17ecc321fd13a19e81ce82,0x000000000000000000000000000000000000dead,3237861000000000000000000,PancakeSwap Token,Cake,18,0,53902,163000000000,35935,35935,deprecated,3893885
152,4639118,1612601760,0xd6068a3b81b3961bd685686bd0fd3059e428bad62211be2541eccca2e2e09754,26,0x6a6fb9b589695cafafa89d0d60d2e995a94c9c558b029b4d9be79a5db8136faa,0xd4e132c20559d0659175534a72ff6c5f6622778b,0x0e09fabb73bd3ade0a17ecc321fd13a19e81ce82,0x000000000000000000000000000000000000dead,500000000000000000,PancakeSwap Token,Cake,18,0,53848,132000000000,20899,20899,deprecated,3760276
153,4696463,1612774222,0x3882b6f0dfd70696941ab35ce26fd616aff3a2e1811efdfd9d9d2c5705b852c3,1284,0x6dbebb415143101ec15777442808076efaf15fd0a78fc21bd32752eb9049acae,0x906e90df32f9b6b06f2d9939633b085346eea10b,0x0e09fabb73bd3ade0a17ecc321fd13a19e81ce82,0x000000000000000000000000000000000000dead,60000000000000000000,PancakeSwap Token,Cake,18,0,53866,128000000000,35911,35911,deprecated,3702931
154,4703871,1612796496,0x302f4fe00e5c2471c66a709e34edd39cccbe58e2a25f9cf376b1040477b4ac71,73,0xb232c9abfd0988ea6944647495ba3e2898c94f72138fc533b026fd3f54774a98,0xd4cfec77cdc21573982ec85cf33cfde6cc677e74,0x0e09fabb73bd3ade0a17ecc321fd13a19e81ce82,0x000000000000000000000000000000000000dead,799700733642175655839227,PancakeSwap Token,Cake,18,0,53920,296000000000,35947,35947,deprecated,3695523
155,4704203,1612797492,0xb303257c5b6c03dbb28e5b40cf0cced89f8339a35f584583e74632ca5a260159,2916,0x60571a6757e9a98524c0d645032749d9b8a50684668f5d6a4aedd516c7bcae3c,0x35f16a46d3cf19010d28578a8b02dfa3cb4095a1,0x0e09fabb73bd3ade0a17ecc321fd13a19e81ce82,0x000000000000000000000000000000000000dead,3162444000000000000000000,PancakeSwap Token,Cake,18,0,53902,304000000000,35935,35935,deprecated,3695191
156,4809636,1613114182,0x243f97f9064e2ec6bf7dfaf12c81c170db08880a829f35e5b8ffd9f19bed8bf2,3065,0x8a57474892b9a1d029f8b26939d7775aab4d034f1a2eedbe0be445f95444b3db,0x6b4dc78b8303d65476e2fcdde5be262e8abfc3ba,0x0e09fabb73bd3ade0a17ecc321fd13a19e81ce82,0x000000000000000000000000000000000000dead,1,PancakeSwap Token,Cake,18,12,61905,10000000000,41270,1488230,deprecated,3589758
157,4906437,1613404749,0xfdfff6b8262129bef6b96f26f35d04951a7c59347763adf74ec1b43ab4144cc7,74,0xda97614c801b088eb866f1e393705548ababf9c2519306429485ccc88b421750,0xd4cfec77cdc21573982ec85cf33cfde6cc677e74,0x0e09fabb73bd3ade0a17ecc321fd13a19e81ce82,0x000000000000000000000000000000000000dead,808767017881720790064121,PancakeSwap Token,Cake,18,0,53920,196000000000,35947,35947,deprecated,3492957
158,4906460,1613404818,0x6f74308db1553007a667a739fb4def01bb8d3180972aaff31f8e536e472d7776,255,0xd32d492dff6eaa1675a9db0ea2fb66d5e0eacf1a3483ca65959ab984046a1889,0xa9926fcd48e70b51417d5198c707c729597cf923,0x0e09fabb73bd3ade0a17ecc321fd13a19e81ce82,0x000000000000000000000000000000000000dead,76924000000000000000000,PancakeSwap Token,Cake,18,31,69345,10000000000,30938,3139224,deprecated,3492934
159,4907651,1613408402,0xdde4b3225ed814dee9054bf2d008117c352f272732857c149ecbe000475842aa,3176,0xba9852175bd01bfd820a83d1cdb117c07c86936c9823a4d9f3850d39a0ac8e82,0x35f16a46d3cf19010d28578a8b02dfa3cb4095a1,0x0e09fabb73bd3ade0a17ecc321fd13a19e81ce82,0x000000000000000000000000000000000000dead,3454856000000000000000000,PancakeSwap Token,Cake,18,0,53902,175000000000,35935,35935,deprecated,3491743
160,4927006,1613466711,0xb73918ebe3aebc7a1d9a41b49de92954b1b520dec481ed96fa13c92e19da2051,262,0x42f7f5b162b46ec47ef5152610db6d3f84c9257417163c62985de948770638fd,0xa9926fcd48e70b51417d5198c707c729597cf923,0x0e09fabb73bd3ade0a17ecc321fd13a19e81ce82,0x000000000000000000000000000000000000dead,668592712380701499887809,PancakeSwap Token,Cake,18,26,69345,11100000000,30938,2563175,deprecated,3472388
161,5103949,1614008241,0x2e8bc61cf159d97b64b93c6d50eb79178f7b98d9c5a6bf0d265c2c31a13c98c2,75,0x23eb6f7939c9b83835d757bda72fa3a9fcbcd636abf9aff1cf573451125f84e6,0xd4cfec77cdc21573982ec85cf33cfde6cc677e74,0x0e09fabb73bd3ade0a17ecc321fd13a19e81ce82,0x000000000000000000000000000000000000dead,789353055659976469045708,PancakeSwap Token,Cake,18,1,53920,531000000000,35947,72062,deprecated,3295445
162,5104836,1614010905,0x21978bee327b99fcc76b284a96dda878fd4db188d5ea36a9955cd31373af0a9a,3448,0x21b313ce84ec10d4927d84e97641908c7856aa0eb6d30b31fe1d85758f1d10a4,0x35f16a46d3cf19010d28578a8b02dfa3cb4095a1,0x0e09fabb73bd3ade0a17ecc321fd13a19e81ce82,0x000000000000000000000000000000000000dead,3415010596000000000000000,PancakeSwap Token,Cake,18,0,210000,504000000000,35935,35935,deprecated,3294558
163,5305113,1614614551,0xa93db72292232874c6e1bb88b0433c2050636198f0477fe3bd04553493dc7444,76,0x6734241f610d75887623b0d7958333fc4ce5751bfa8022cdbefd06dd8e7a0a7d,0xd4cfec77cdc21573982ec85cf33cfde6cc677e74,0x0e09fabb73bd3ade0a17ecc321fd13a19e81ce82,0x000000000000000000000000000000000000dead,804359555291968608479663,PancakeSwap Token,Cake,18,0,53920,168000000000,35947,35947,deprecated,3094281
164,5305373,1614615331,0xf5e7837df19cc2e0412f08761a8d3bf27029157df8f33e25af8356e037c4baeb,3566,0x6bab323541b32a2c9b6685b57f1f120a1037a285107d47d626830c2e1b41e77c,0x35f16a46d3cf19010d28578a8b02dfa3cb4095a1,0x0e09fabb73bd3ade0a17ecc321fd13a19e81ce82,0x000000000000000000000000000000000000dead,3332111000000000000000000,PancakeSwap Token,Cake,18,2,53902,176000000000,35935,108201,deprecated,3094021
165,5504365,1615217548,0xc65619d36d1a28f01ce8fc1989ccf7811f8d2c7bf4b92ccd0f1f291d446f0f74,77,0x0b552959d817fbf1027df7d5f03a231c8fc8a5ae05713d707cfe2b0f97363d4b,0xd4cfec77cdc21573982ec85cf33cfde6cc677e74,0x0e09fabb73bd3ade0a17ecc321fd13a19e81ce82,0x000000000000000000000000000000000000dead,796791938325537070485933,PancakeSwap Token,Cake,18,43,53920,10000000000,35947,5596018,deprecated,2895029
166,5504506,1615217971,0xec93761e5d34b623c95a2491701e0a6fda97e4b0ad4b8ad7931db6b74e65626f,3787,0x56eaf06eb6e702eee88842eef16426bf1570a5ddca87171a5df603126294f8e4,0x35f16a46d3cf19010d28578a8b02dfa3cb4095a1,0x0e09fabb73bd3ade0a17ecc321fd13a19e81ce82,0x000000000000000000000000000000000000dead,3412931620474297848198952,PancakeSwap Token,Cake,18,26,53938,10000000000,20959,2232410,deprecated,2894888
167,5688633,1615771326,0xfb11eb82a03aba8a6f8f1e84a3725f8ba83058a81933c72ad796013382419714,40,0x160d72d8c29b5f0892538a97a2c1b66dbbced1df4386fedbccab935b737790b2,0x087dddc1e4cbbaf43bf2d46ba95ca3ed618e481d,0x0e09fabb73bd3ade0a17ecc321fd13a19e81ce82,0x000000000000000000000000000000000000dead,654010621467609,PancakeSwap Token,Cake,18,36,53866,10000000000,20911,5414456,deprecated,2710761
168,5707729,1615828714,0xb2c6227316babb9329dc8a904f652183b6f4758834cd17aeaa344363847dab02,78,0xdc77aa13c3ba0c693b810908fe11d6b10ebbd5834121cbc94b9b339cdde536e3,0xd4cfec77cdc21573982ec85cf33cfde6cc677e74,0x0e09fabb73bd3ade0a17ecc321fd13a19e81ce82,0x000000000000000000000000000000000000dead,815903065343423977068914,PancakeSwap Token,Cake,18,46,53920,10000000000,35947,5111357,deprecated,2691665
169,5708256,1615830295,0x8e31da3e4372f7393ea185ecaa168bb6dad6bc20cb0dc30795d2e9aa3814b3ae,4097,0xdfe5aedf12883198ad547167a0cc30dacd6cd6a4f05b92d8a5c8329e7c239bed,0x35f16a46d3cf19010d28578a8b02dfa3cb4095a1,0x0e09fabb73bd3ade0a17ecc321fd13a19e81ce82,0x000000000000000000000000000000000000dead,3605437141362127143962723,PancakeSwap Token,Cake,18,35,53938,10000000000,20959,3631073,deprecated,2691138
170,5708348,1615830571,0x47dcc85cc9290cc214c642cf1b6e2cf56f280181b48facf4807ea06f31f2482c,863,0x49d5f92790e268b4b26484d76153f32ac4cced85838f341f5cb9e3a6ec7285b6,0x0f9399fc81dac77908a2dde54bb87ee2d17a3373,0x0e09fabb73bd3ade0a17ecc321fd13a19e81ce82,0x000000000000000000000000000000000000dead,0,PancakeSwap Token,Cake,18,55,41140,10000000000,27427,9155316,deprecated,2691046
171,5907536,1616429783,0xfb8979ffa96a3b7eab25308c13cb6a8abeb23e51a6cd5fcb6b4546674a7f738a,79,0x7f64c407836a2cf3ba97f53fee7e7e73f0fbb48b0d52d92c27db8c375d5a4728,0xd4cfec77cdc21573982ec85cf33cfde6cc677e74,0x0e09fabb73bd3ade0a17ecc321fd13a19e81ce82,0x000000000000000000000000000000000000dead,794974391983866367689112,PancakeSwap Token,Cake,18,17,53920,10000000000,35947,2119027,deprecated,2491858
172,5908436,1616432483,0x6eface60986adaa4bbd3c0ca2c81e79c628b66eb1d6d9d1fe1373a878a2089d6,4340,0xb224f40b97065909813b25bd30de6fd80f97ef31555c32609839470ca1c53bbc,0x35f16a46d3cf19010d28578a8b02dfa3cb4095a1,0x0e09fabb73bd3ade0a17ecc321fd13a19e81ce82,0x000000000000000000000000000000000000dead,3436963564842228970933789,PancakeSwap Token,Cake,18,56,53938,10000000000,20959,7524814,deprecated,2490958
173,6105474,1617029080,0xfce30ee2b18e1a1163d33c7105325f4e9756a15779bdaf3f30f20faee8c6beba,80,0x5d5d412fb8d78a9142a444b059d6b7c2b091af4b879923e7680e86d40672cd9b,0xd4cfec77cdc21573982ec85cf33cfde6cc677e74,0x0e09fabb73bd3ade0a17ecc321fd13a19e81ce82,0x000000000000000000000000000000000000dead,796082701332011261249168,PancakeSwap Token,Cake,18,89,53920,10000000000,35947,10400437,deprecated,2293920
174,6105661,1617029641,0x52e47687018fad6b04b93413044e756f654d82acda059f9a3425086074aac93c,4714,0xecccfea013872afdb30ce2846459121ced391559ef21229a1abafffe1f85ba4c,0x35f16a46d3cf19010d28578a8b02dfa3cb4095a1,0x0e09fabb73bd3ade0a17ecc321fd13a19e81ce82,0x000000000000000000000000000000000000dead,3478706494631880506860061,PancakeSwap Token,Cake,18,59,53938,10000000000,20959,7842810,deprecated,2293733
175,6305594,1617634946,0x13f729b8a96dff8dfe448ce61cdf521874cd8cecd4c730adc840d36f00c064cf,81,0x266c0071c2b7147e270235af306cce9a39a8aae83089c2a39047ef346cdc1197,0xd4cfec77cdc21573982ec85cf33cfde6cc677e74,0x0e09fabb73bd3ade0a17ecc321fd13a19e81ce82,0x000000000000000000000000000000000000dead,794625218738646160579119,PancakeSwap Token,Cake,18,366,41140,10000000000,35947,28349813,deprecated,2093800
176,6305738,1617635535,0xd7a987014f038722717bb488745fd093cf8b1c60a7ae95b0b36a5212521fd7b8,43,0xf83073ea095ab66c5fbc51a57df1fcd8ed520416ac221d0ef8db7824bdde1d4e,0x412febf6be0ca21209cab443143f01c7131c10f8,0x0e09fabb73bd3ade0a17ecc321fd13a19e81ce82,0x000000000000000000000000000000000000dead,3965747787601636381266300,PancakeSwap Token,Cake,18,155,53938,10000000000,20959,21545651,deprecated,2093656
177,6439022,1618044709,0xb10d18f9291772731e314fcf41c381f5d855e07edf528f78d021f335818e4a72,26,0x816526cb0e83a60bbe7940020b23494515785c9e869fe9f7b379c7f56714a95c,0x6f5e19f5504cca362425f2ba07a179b87b9331b0,0x0e09fabb73bd3ade0a17ecc321fd13a19e81ce82,0x000000000000000000000000000000000000dead,44031912895658,PancakeSwap Token,Cake,18,63,53848,5000000000,20899,9088379,deprecated,1960372
178,6500178,1618228435,0xa30d0a7845ea86c15a91e82cba3208420acf35a034a29a43a624ba616479d3a2,430,0x7841c19f271af78f552993cd75993e0b000c2c981f49a77a32152723d8d64170,0xa9926fcd48e70b51417d5198c707c729597cf923,0x0e09fabb73bd3ade0a17ecc321fd13a19e81ce82,0x000000000000000000000000000000000000dead,18258895596837515278143,PancakeSwap Token,Cake,18,5,69345,5550000000,30938,413351,deprecated,1899216
179,6503922,1618239814,0x8a5fb5537025ac4bb9c6965b4d35c0a8334153d264330fe08bfb5ca7a4489d77,82,0xc734e6fe225acbee3c5e9515c790c2bf10b91c823cb3d362b1cbe9a901002436,0xd4cfec77cdc21573982ec85cf33cfde6cc677e74,0x0e09fabb73bd3ade0a17ecc321fd13a19e81ce82,0x000000000000000000000000000000000000dead,794762023559125558840921,PancakeSwap Token,Cake,18,220,53920,5000000000,35947,14159943,deprecated,1895472
180,6504048,1618240192,0x888519d4a3cec62e75008cd864c5577750a3de8a8473ab9601e9aa5ee62e2b1e,74,0x11d93fc549ca8e3277c8ca5f35f7b5b2552750c0baf6fab7918d1c03ba561183,0x412febf6be0ca21209cab443143f01c7131c10f8,0x0e09fabb73bd3ade0a17ecc321fd13a19e81ce82,0x000000000000000000000000000000000000dead,4047778867619295650077762,PancakeSwap Token,Cake,18,128,53938,5000000000,20959,18176134,deprecated,1895346
181,6570235,1618438856,0x59322aa26b3c5c7f915bf42510115ea9d4408624ab8b5164a20caf565541925a,551,0x7a2898e6fbe2f90d7cc449b972aeccafc498419f400f4ee64b9b5fb44c0c480f,0xbe1a6582277311baa7d86ef69c12106e0877fb67,0x0e09fabb73bd3ade0a17ecc321fd13a19e81ce82,0x000000000000000000000000000000000000dead,1000000000000,PancakeSwap Token,Cake,18,55,53812,5000000000,35875,9341843,deprecated,1829159
182,6570244,1618438883,0x40576f3d29c3e8d6e070df04b479a6a6e0039d4efa0e3f9fecf71f7162098563,552,0x01a828bed1753b2bd8670884305b7a25333b3f0d6ce5e9c496c00c7bdd3de0e2,0xbe1a6582277311baa7d86ef69c12106e0877fb67,0x0e09fabb73bd3ade0a17ecc321fd13a19e81ce82,0x000000000000000000000000000000000000dead,0,PancakeSwap Token,Cake,18,27,41140,5000000000,27427,4743933,deprecated,1829150
183,6570263,1618438940,0x243c1139a321f580ecf17818e6eb0e45eb44fc189decae81e92bb8fd60f7f247,553,0xac7de06298c16ac9c73599e6a6bf29e8b835e529d4ae8f4920da2ce1ecf4b1bc,0xbe1a6582277311baa7d86ef69c12106e0877fb67,0x0e09fabb73bd3ade0a17ecc321fd13a19e81ce82,0x000000000000000000000000000000000000dead,0,PancakeSwap Token,Cake,18,86,41140,5000000000,27427,13099646,deprecated,1829131
184,6706210,1618847946,0x99ccd954888dd8bbd133fbfab3abba2617f242d16d3ba886ca6f9adc0912ac21,83,0x36789e83073faee8a9dd8811a0649b92e1ce2859fa9ec91724d01fd44634973c,0xd4cfec77cdc21573982ec85cf33cfde6cc677e74,0x0e09fabb73bd3ade0a17ecc321fd13a19e81ce82,0x000000000000000000000000000000000000dead,808262409152061361802263,PancakeSwap Token,Cake,18,207,53920,5000000000,35947,27079109,deprecated,1693184
185,6706243,1618848045,0x313c3559fdc361e612e7c067d3d3b9aab67c458bfe6a7c6ee00d978a70f3a113,114,0x9ea65d954dbc150ccbbc99a346fd8cb576b2af15396363ca74da558c162961a9,0x412febf6be0ca21209cab443143f01c7131c10f8,0x0e09fabb73bd3ade0a17ecc321fd13a19e81ce82,0x000000000000000000000000000000000000dead,4329259658712460697298068,PancakeSwap Token,Cake,18,69,53938,5000000000,20959,7463320,deprecated,1693151
186,6903894,1619447994,0x600de952e4941d65b97fde76c318e4723c102d4502d9f471c7910b309c23dabe,84,0x37531086db01419adec9bb7683d1ffd752047073079a50bfc82dd3b2da59cb3b,0xd4cfec77cdc21573982ec85cf33cfde6cc677e74,0x0e09fabb73bd3ade0a17ecc321fd13a19e81ce82,0x000000000000000000000000000000000000dead,753869236871696830760190,PancakeSwap Token,Cake,18,242,53920,5000000000,35947,30473409,deprecated,1495500
187,6904172,1619448828,0x5a573ad4922a52a1b56c9b7585aafe90069de9d76de1d7e7efa7e4da9b939329,152,0x9b380ced5e2eea71173a4185e1fbe586c42fdce21cd72607ed7b2d1f440cef67,0x412febf6be0ca21209cab443143f01c7131c10f8,0x0e09fabb73bd3ade0a17ecc321fd13a19e81ce82,0x000000000000000000000000000000000000dead,3847042209175810962186776,PancakeSwap Token,Cake,18,104,53938,5000000000,20959,11226792,deprecated,1495222
188,7103841,1620054128,0x221c936b5e62cb693beb9b9c67835447547f3bbf9a65b872e49fccbcb54295bf,85,0x71d0d64d01b28074edc473ab679494d3a2eba90031d899a10260df1e7595e57a,0xd4cfec77cdc21573982ec85cf33cfde6cc677e74,0x0e09fabb73bd3ade0a17ecc321fd13a19e81ce82,0x000000000000000000000000000000000000dead,834894146418007893706716,PancakeSwap Token,Cake,18,59,53920,5000000000,35947,5437702,deprecated,1295553
189,7104602,1620056456,0x6cc7b1be9ab0f24474643ab222f69166e6767ca53c6d628aaff58f7fd23daae2,194,0xdce6323c0c221887e347e97a653c2e7e7c1f397a32f5a634b61dba7cc2dc60d3,0x412febf6be0ca21209cab443143f01c7131c10f8,0x0e09fabb73bd3ade0a17ecc321fd13a19e81ce82,0x000000000000000000000000000000000000dead,4308895885735333548970218,PancakeSwap Token,Cake,18,275,53938,5000000000,20959,39092386,deprecated,1294792
190,7128690,1620129168,0xf7dbe2f1c7225a49c091a4b1d9def1c140cbdf00d6ffd6f55249d8dc8980f0f0,2034,0x67efc9bcd471a7ff4b45160b11080f48ae1aab753e3ed237bcc397dcbcf0de42,0x0ed7e52944161450477ee417de9cd3a859b14fd0,0x0e09fabb73bd3ade0a17ecc321fd13a19e81ce82,0x000000000000000000000000000000000000dead,1660105404212611,PancakeSwap Token,Cake,18,180,204486,5000000000,112924,17651724,deprecated,1270704
191,7301486,1620665745,0xd4479d404e06d03f57ae6c03c14e6efe3f3bbf6c17174b6d2175b2e8a5af5fd3,86,0x963d546c8b5e0174f1fb785e7b05c3359e7eeb57a1608d0eec6d0a43c4c01379,0xd4cfec77cdc21573982ec85cf33cfde6cc677e74,0x0e09fabb73bd3ade0a17ecc321fd13a19e81ce82,0x000000000000000000000000000000000000dead,809770291353161875826207,PancakeSwap Token,Cake,18,90,53920,10000000000,35947,8964534,deprecated,1097908
192,7305142,1620680388,0xd386fb7f2a8dc6c4776917b62a3074c78b07e746fedf7b3042d9e3bfc7fbeddd,203,0xd3740b955567ca51e78d2df5dc9c124daecdd2257c318b61916fa051514d0851,0x412febf6be0ca21209cab443143f01c7131c10f8,0x0e09fabb73bd3ade0a17ecc321fd13a19e81ce82,0x000000000000000000000000000000000000dead,4514668131201950025732070,PancakeSwap Token,Cake,18,11,53938,40000000000,20959,1905164,deprecated,1094252
193,7497837,1621285068,0x556ebc8d53590766d06b6e974db0a85d219187ee6c1047ceddb12fe35a77169b,87,0x4e3da08436cc3ef041325a0841f7eab7be14a1d173df23aec4499767eaf51ff0,0xd4cfec77cdc21573982ec85cf33cfde6cc677e74,0x0e09fabb73bd3ade0a17ecc321fd13a19e81ce82,0x000000000000000000000000000000000000dead,770039748948018855721280,PancakeSwap Token,Cake,18,366,53920,5000000000,35947,52260912,deprecated,901557
194,7498113,1621285920,0x895d723b9305e78c9723ebf24ddb188a472f119ec4068e1572cf0f0fc5e974ad,211,0xc1c8dad973b3e813babccd89c46c16fa9f9ae60102c415d512d97b1bcb334758,0x412febf6be0ca21209cab443143f01c7131c10f8,0x0e09fabb73bd3ade0a17ecc321fd13a19e81ce82,0x000000000000000000000000000000000000dead,4436153850541427440693696,PancakeSwap Token,Cake,18,276,53920,5000000000,20947,36378680,deprecated,901281
195,7506819,1621312226,0x341a845e1192823d2008c430f43f9aa1cf35dda22d4406b7d871b00564dc707c,735,0xfaccf0a2d8edf1370b87262a53f0edd5b0f41015e738d8847af10cb7abed988d,0xa9926fcd48e70b51417d5198c707c729597cf923,0x0e09fabb73bd3ade0a17ecc321fd13a19e81ce82,0x000000000000000000000000000000000000dead,2819304856000000000000,PancakeSwap Token,Cake,18,15,69345,5550000000,30938,2121288,deprecated,892575
196,7630970,1621688597,0xfeec613e395f8abd501f228609fbcbb231eb838f349bbd1f82f3d5ca3f97fc55,609,0xf1988d582cf0c04421069f8c9ac2c3fd7caa105e188ece654e11e16ce940329f,0x39deedf769e2abe08a973b7fe5d9c19ec8c0ac71,0x0e09fabb73bd3ade0a17ecc321fd13a19e81ce82,0x000000000000000000000000000000000000dead,1294220467377858,PancakeSwap Token,Cake,18,60,53866,5000000000,20911,8702292,deprecated,768424
197,7691082,1621869630,0x041fb38fe6d3771a1aed9633b390e7098bf4d5930b15544c2b92f993ce32cc04,88,0x02902c63fa9be3987a31b7a67dad89ccd156df22d7c2dd3180ce79beaa68e24c,0xd4cfec77cdc21573982ec85cf33cfde6cc677e74,0x0e09fabb73bd3ade0a17ecc321fd13a19e81ce82,0x000000000000000000000000000000000000dead,786175280105333666613487,PancakeSwap Token,Cake,18,735,53920,5000000000,35947,45183383,deprecated,708312
198,7691442,1621870711,0x0f1e3dde977f71f517b8544f3f7d6b608d21728fd0e2fc85f8475b407af4d028,225,0xc37a305c57464256004905e9c1fc3ba0c6f718f69905ccb290d36faff5b9fa1e,0x412febf6be0ca21209cab443143f01c7131c10f8,0x0e09fabb73bd3ade0a17ecc321fd13a19e81ce82,0x000000000000000000000000000000000000dead,4949355324957038252773518,PancakeSwap Token,Cake,18,387,53938,5000000000,20959,59020389,deprecated,707952
199,7894309,1622482293,0xb5af00c34f75f114b2dcaf032255ab9976285614d871dbd71ff130f0c423bfbd,263,0xf2a3c2779c20049e7f752058eb3d347563dcf823016404b77d1bc91ea91e1827,0x8488cb2f54ecb9aa1cdc1bc83bc1d200bb2f216b,0x0e09fabb73bd3ade0a17ecc321fd13a19e81ce82,0x000000000000000000000000000000000000dead,5977024028782557015104017,PancakeSwap Token,Cake,18,3,20000000,20000000000,62175,1286372,deprecated,505085
200,8077535,1623033579,0x0403a72a76325e8aca01d34bc7d2f886c7eed175b1b795375c0395a9ad0d18a9,10,0x22b1a67e81de65b05accb8d1eb31b61900d7e1f3408df9a50124e59a869d1ca9,0x2db44913feccce6764fa218a86f887eef430580b,0x0e09fabb73bd3ade0a17ecc321fd13a19e81ce82,0x000000000000000000000000000000000000dead,0,PancakeSwap Token,Cake,18,46,41140,5000000000,27427,7840148,deprecated,321859
201,8103983,1623113069,0x2e7b900e54ba39f06da3ca43baa19ce2e6e0f636422f41eeaf30dc647087038e,43,0xdc1d8f8bf6d0b567c4c17be3c8ea65dcab408fa11d8082c59daa1af0d0fb682d,0x6eafae490d91abfc6e2b2e434115dffdbd90bde9,0x0e09fabb73bd3ade0a17ecc321fd13a19e81ce82,0x000000000000000000000000000000000000dead,87000000000000,PancakeSwap Token,Cake,18,12,60000,5100000000,35887,1708200,deprecated,295411
202,8115216,1623146827,0x864565f07574c3750a94849b24632378df6274b2f6091b706b80adcf19ac3e13,316,0xa13d721d4c074a7d01c65aa938de551f4844a5cfb321a25a90e39af4387f9486,0x8488cb2f54ecb9aa1cdc1bc83bc1d200bb2f216b,0x0e09fabb73bd3ade0a17ecc321fd13a19e81ce82,0x000000000000000000000000000000000000dead,1000000000000000000,PancakeSwap Token,Cake,18,143,20000000,5000000000,62115,15364658,deprecated,284178
203,8115527,1623147760,0x3e748d948880db79c8dcc6706da846d3b32a34604860e69280359de63c2a56f4,317,0xf06ca3b32dcd7adb4ec030a18398b436ddb81bd0416a92dcaaa6ef9c1c4c1058,0x8488cb2f54ecb9aa1cdc1bc83bc1d200bb2f216b,0x0e09fabb73bd3ade0a17ecc321fd13a19e81ce82,0x000000000000000000000000000000000000dead,5549211000000000000000000,PancakeSwap Token,Cake,18,89,20000000,5000000000,62151,35022099,deprecated,283867
204,8211654,1623437181,0xdc720a61e10d2c1b04b6f86d680a130bff491c0fe926d9cb9edc71f5d36b7f27,28,0x70f6753a9929970960d986b675c6c69cac28876af901efa4b6636cccffbb71d5,0x121dd683531fbc6da93365d0445386821b826ba3,0x0e09fabb73bd3ade0a17ecc321fd13a19e81ce82,0x000000000000000000000000000000000000dead,1000000000000000,PancakeSwap Token,Cake,18,129,53848,5000000000,35899,18607434,deprecated,187740
205,8294351,1623687395,0x5510c30fc77a0b630f3d2c5d2b81f799699025231bf5ca49053f8fcc7089132f,13,0xa6f574e99c34d17e381039437a7a1cf3fe98a0b3246a20e8cad8c576478782ee,0x8488cb2f54ecb9aa1cdc1bc83bc1d200bb2f216b,0x0e09fabb73bd3ade0a17ecc321fd13a19e81ce82,0x000000000000000000000000000000000000dead,5292892000000000000000000,PancakeSwap Token,Cake,18,163,10000000,5000000000,75249,19054163,deprecated,105043
206,8296474,1623693784,0xaf19be48fd521fa3ef9be65bff0cef03fe141f1fcf2a85dfebdfb221a2560986,358,0x715beb133920056e119f9b6554039454c13724f6762948d42dd289eda7ea1622,0xcb87aef9883829bedc44da6ad9181f8d6bf12e3d,0x0e09fabb73bd3ade0a17ecc321fd13a19e81ce82,0x000000000000000000000000000000000000dead,28612646899800,PancakeSwap Token,Cake,18,188,53848,5000000000,20899,22325806,deprecated,102920
207,8320813,1623768046,0x8dd10a731d5d61be3f04e4c21b960bd99ac575760df94bcba436f70b37739bc0,471,0x0c1fb567b2ca40e521f8bbc049c93508c95d5060eccc7b1c5784fe1ed5369ae7,0x249f9f1b3bd5eba73127e75719d137bcb261d129,0x0e09fabb73bd3ade0a17ecc321fd13a19e81ce82,0x000000000000000000000000000000000000dead,107397157603509,PancakeSwap Token,Cake,18,31,100000,5000000000,20899,3793871,deprecated,78581
